Chn,Identifier,DLC,D0,D1,D2,D3,D4,D5,D6,D7,Time,Dir
0,316,8,2,0,0,0,1,0,0,0,0,R
0,329,8,2,0,0,0,1,0,0,0,0.00025,R
0,382,8,2,0,0,0,1,0,0,0,0.00051,R
0,000004B1,8,2,0,0,0,1,0,0,0,0.00076,R
0,000004F2,8,2,0,0,0,1,0,0,0,0.00102,R
0,587,8,1,0,0,0,2,0,0,0,0.00128,R
0,316,8,2,0,0,0,1,0,0,0,0.00921,R
0,000000A2,8,18,0,0,0,0,0,0,0,0.00947,R
0,000000B2,8,0,0,0,0,0,0,0,0,0.00964,R
0,000000C4,8,20,4E,0,0,0,0,0,0,0.00989,R
0,329,8,2,0,0,0,1,0,0,0,0.01015,R
0,382,8,2,0,0,0,1,0,0,0,0.01041,R
0,000004B1,8,2,0,0,0,1,0,0,0,0.01066,R
0,000004F2,8,2,0,0,0,1,0,0,0,0.01092,R
0,587,8,1,0,0,0,2,0,0,0,0.01117,R
0,370,8,2,0,0,0,1,0,0,0,0.01143,R
0,0000043F,8,2,0,0,0,1,0,0,0,0.01169,R
0,000004F1,8,2,0,0,0,1,0,0,0,0.01194,R
0,316,8,2,0,0,0,1,0,0,0,0.01996,R
0,329,8,2,0,0,0,1,0,0,0,0.02022,R
0,382,8,2,0,0,0,1,0,0,0,0.02048,R
0,000004B1,8,2,0,0,0,1,0,0,0,0.02073,R
0,000004F2,8,2,0,0,0,1,0,0,0,0.02099,R
0,587,8,1,0,0,0,2,0,0,0,0.02124,R
0,316,8,2,0,0,0,1,0,0,0,0.02918,R
0,184,8,B9,C5,F4,1,0,0,0,0,0.02944,R
0,000001C7,8,8D,C4,F4,1,0,0,0,0,0.02961,R
0,000001CD,8,F1,C4,F4,1,0,0,0,0,0.02986,R
0,1E9,8,55,C5,F4,1,0,0,0,0,0.03012,R
0,329,8,2,0,0,0,1,0,0,0,0.03037,R
0,334,8,1D,C6,F4,1,0,0,0,0,0.03063,R
0,382,8,2,0,0,0,1,0,0,0,0.03089,R
0,000004B1,8,2,0,0,0,1,0,0,0,0.03114,R
0,000004F2,8,2,0,0,0,1,0,0,0,0.03131,R
0,587,8,1,0,0,0,2,0,0,0,0.03157,R
0,370,8,2,0,0,0,1,0,0,0,0.03182,R
0,0000043F,8,2,0,0,0,1,0,0,0,0.03208,R
0,000004F1,8,2,0,0,0,1,0,0,0,0.03234,R
0,316,8,2,0,0,0,1,0,0,0,0.04027,R
0,329,8,2,0,0,0,1,0,0,0,0.04053,R
0,382,8,2,0,0,0,1,0,0,0,0.04078,R
0,000004B1,8,2,0,0,0,1,0,0,0,0.04104,R
0,000004F2,8,2,0,0,0,1,0,0,0,0.0413,R
0,587,8,1,0,0,0,2,0,0,0,0.04155,R
0,316,8,2,0,0,0,1,0,0,0,0.04949,R
0,329,8,2,0,0,0,1,0,0,0,0.04974,R
0,382,8,2,0,0,0,1,0,0,0,0.05,R
0,000004B1,8,2,0,0,0,1,0,0,0,0.05026,R
0,000004F2,8,2,0,0,0,1,0,0,0,0.05051,R
0,587,8,1,0,0,0,2,0,0,0,0.05068,R
0,370,8,2,0,0,0,1,0,0,0,0.05094,R
0,0000043F,8,2,0,0,0,1,0,0,0,0.0512,R
0,000004F1,8,2,0,0,0,1,0,0,0,0.05145,R
0,0000017D,8,F9,C4,F4,1,0,0,0,0,0.05589,R
0,0000017F,8,5D,C5,F4,1,0,0,0,0,0.05614,R
0,000000A2,8,18,0,0,0,0,0,0,0,0.05922,R
0,000000B2,8,0,0,0,0,0,0,0,0,0.05947,R
0,000000C4,8,20,4E,0,0,0,0,0,0,0.05973,R
0,316,8,2,0,0,0,1,0,0,0,0.05998,R
0,329,8,2,0,0,0,1,0,0,0,0.06024,R
0,382,8,2,0,0,0,1,0,0,0,0.0605,R
0,000004B1,8,2,0,0,0,1,0,0,0,0.06075,R
0,000004F2,8,2,0,0,0,1,0,0,0,0.06101,R
0,587,8,1,0,0,0,2,0,0,0,0.06118,R
0,120,4,F0,55,0,0,0,0,,,0.06348,R
0,316,8,2,0,0,0,1,0,0,0,0.06912,R
0,184,8,3D,C6,F4,1,0,0,0,0,0.06937,R
0,000001C7,8,11,C5,F4,1,0,0,0,0,0.06963,R
0,000001CD,8,75,C5,F4,1,0,0,0,0,0.06988,R
0,1E9,8,D9,C5,F4,1,0,0,0,0,0.07014,R
0,329,8,2,0,0,0,1,0,0,0,0.0704,R
0,334,8,A1,C6,F4,1,0,0,0,0,0.07057,R
0,382,8,2,0,0,0,1,0,0,0,0.07082,R
0,000004B1,8,2,0,0,0,1,0,0,0,0.07108,R
0,000004F2,8,2,0,0,0,1,0,0,0,0.07133,R
0,587,8,1,0,0,0,2,0,0,0,0.07159,R
0,370,8,2,0,0,0,1,0,0,0,0.07185,R
0,0000043F,8,2,0,0,0,1,0,0,0,0.0721,R
0,000004F1,8,2,0,0,0,1,0,0,0,0.07236,R
0,316,8,2,0,0,0,1,0,0,0,0.08029,R
0,329,8,2,0,0,0,1,0,0,0,0.08055,R
0,382,8,2,0,0,0,1,0,0,0,0.08081,R
0,000004B1,8,2,0,0,0,1,0,0,0,0.08106,R
0,000004F2,8,2,0,0,0,1,0,0,0,0.08132,R
0,587,8,1,0,0,0,2,0,0,0,0.08149,R
0,316,8,2,0,0,0,1,0,0,0,0.08942,R
0,329,8,2,0,0,0,1,0,0,0,0.08968,R
0,382,8,2,0,0,0,1,0,0,0,0.08994,R
0,000004B1,8,2,0,0,0,1,0,0,0,0.09019,R
0,000004F2,8,2,0,0,0,1,0,0,0,0.09045,R
0,587,8,1,0,0,0,2,0,0,0,0.0907,R
0,370,8,2,0,0,0,1,0,0,0,0.09096,R
0,0000043F,8,2,0,0,0,1,0,0,0,0.09122,R
0,000004F1,8,2,0,0,0,1,0,0,0,0.09147,R
0,316,8,2,0,0,0,1,0,0,0,0.09966,R
0,329,8,2,0,0,0,1,0,0,0,0.09984,R
0,382,8,2,0,0,0,1,0,0,0,0.10009,R
0,000004B1,8,2,0,0,0,1,0,0,0,0.10035,R
0,000004F2,8,2,0,0,0,1,0,0,0,0.1006,R
0,587,8,1,0,0,0,2,0,0,0,0.10086,R
0,316,8,2,0,0,0,1,0,0,0,0.1088,R
0,329,8,2,0,0,0,1,0,0,0,0.10905,R
0,000000A2,8,18,0,0,0,0,0,0,0,0.10931,R
0,000000B2,8,0,0,0,0,0,0,0,0,0.10956,R
0,000000C4,8,20,4E,0,0,0,0,0,0,0.10982,R
0,184,8,5D,C6,F4,1,0,0,0,0,0.10999,R
0,1E9,8,F9,C5,F4,1,0,0,0,0,0.11025,R
0,334,8,C1,C6,F4,1,0,0,0,0,0.1105,R
0,382,8,2,0,0,0,1,0,0,0,0.11076,R
0,000004B1,8,2,0,0,0,1,0,0,0,0.11101,R
0,000004F2,8,2,0,0,0,1,0,0,0,0.11127,R
0,587,8,1,0,0,0,2,0,0,0,0.11153,R
0,370,8,2,0,0,0,1,0,0,0,0.11178,R
0,0000043F,8,2,0,0,0,1,0,0,0,0.11204,R
0,000004F1,8,2,0,0,0,1,0,0,0,0.11221,R
0,316,8,2,0,0,0,1,0,0,0,0.12023,R
0,329,8,2,0,0,0,1,0,0,0,0.12049,R
0,382,8,2,0,0,0,1,0,0,0,0.12074,R
0,000004B1,8,2,0,0,0,1,0,0,0,0.121,R
0,000004F2,8,2,0,0,0,1,0,0,0,0.12125,R
0,587,8,1,0,0,0,2,0,0,0,0.12151,R
0,316,8,2,0,0,0,1,0,0,0,0.12945,R
0,329,8,2,0,0,0,1,0,0,0,0.1297,R
0,382,8,2,0,0,0,1,0,0,0,0.12996,R
0,000004B1,8,2,0,0,0,1,0,0,0,0.13021,R
0,000004F2,8,2,0,0,0,1,0,0,0,0.13047,R
0,587,8,1,0,0,0,2,0,0,0,0.13073,R
0,370,8,2,0,0,0,1,0,0,0,0.1309,R
0,0000043F,8,2,0,0,0,1,0,0,0,0.13115,R
0,000004F1,8,2,0,0,0,1,0,0,0,0.13141,R
0,316,8,2,0,0,0,1,0,0,0,0.1396,R
0,329,8,2,0,0,0,1,0,0,0,0.13986,R
0,382,8,2,0,0,0,1,0,0,0,0.14011,R
0,000004B1,8,2,0,0,0,1,0,0,0,0.14037,R
0,000004F2,8,2,0,0,0,1,0,0,0,0.14062,R
0,587,8,1,0,0,0,2,0,0,0,0.14088,R
0,120,4,F0,55,0,0,0,0,,,0.14344,R
0,316,8,2,0,0,0,1,0,0,0,0.14882,R
0,329,8,2,0,0,0,1,0,0,0,0.14899,R
0,0000017D,8,B5,C5,F4,1,0,0,0,0,0.14924,R
0,0000017F,8,19,C6,F4,1,0,0,0,0,0.1495,R
0,184,8,7D,C6,F4,1,0,0,0,0,0.14976,R
0,000001C7,8,51,C5,F4,1,0,0,0,0,0.15001,R
0,000001CD,8,B5,C5,F4,1,0,0,0,0,0.15027,R
0,1E9,8,19,C6,F4,1,0,0,0,0,0.15044,R
0,334,8,E1,C6,F4,1,0,0,0,0,0.15069,R
0,382,8,2,0,0,0,1,0,0,0,0.15095,R
0,000004B1,8,2,0,0,0,1,0,0,0,0.15121,R
0,000004F2,8,2,0,0,0,1,0,0,0,0.15146,R
0,587,8,1,0,0,0,2,0,0,0,0.15172,R
0,370,8,2,0,0,0,1,0,0,0,0.15197,R
0,0000043F,8,2,0,0,0,1,0,0,0,0.15223,R
0,000004F1,8,2,0,0,0,1,0,0,0,0.15249,R
0,000000A2,8,18,0,0,0,0,0,0,0,0.15923,R
0,000000B2,8,0,0,0,0,0,0,0,0,0.15948,R
0,000000C4,8,20,4E,0,0,0,0,0,0,0.15974,R
0,316,8,2,0,0,0,1,0,0,0,0.16059,R
0,329,8,2,0,0,0,1,0,0,0,0.16085,R
0,382,8,2,0,0,0,1,0,0,0,0.1611,R
0,000004B1,8,2,0,0,0,1,0,0,0,0.16136,R
0,000004F2,8,2,0,0,0,1,0,0,0,0.16153,R
0,587,8,1,0,0,0,2,0,0,0,0.16179,R
0,316,8,2,0,0,0,1,0,0,0,0.16972,R
0,329,8,2,0,0,0,1,0,0,0,0.16998,R
0,382,8,2,0,0,0,1,0,0,0,0.17024,R
0,000004B1,8,2,0,0,0,1,0,0,0,0.17049,R
0,000004F2,8,2,0,0,0,1,0,0,0,0.17075,R
0,587,8,1,0,0,0,2,0,0,0,0.171,R
0,370,8,2,0,0,0,1,0,0,0,0.17126,R
0,0000043F,8,2,0,0,0,1,0,0,0,0.17152,R
0,000004F1,8,2,0,0,0,1,0,0,0,0.17177,R
0,316,8,2,0,0,0,1,0,0,0,0.17988,R
0,329,8,2,0,0,0,1,0,0,0,0.18013,R
0,382,8,2,0,0,0,1,0,0,0,0.18039,R
0,000004B1,8,2,0,0,0,1,0,0,0,0.18065,R
0,000004F2,8,2,0,0,0,1,0,0,0,0.1809,R
0,587,8,1,0,0,0,2,0,0,0,0.18116,R
0,316,8,2,0,0,0,1,0,0,0,0.18909,R
0,184,8,1,C7,F4,1,0,0,0,0,0.18935,R
0,000001C7,8,D5,C5,F4,1,0,0,0,0,0.18961,R
0,000001CD,8,39,C6,F4,1,0,0,0,0,0.18986,R
0,1E9,8,9D,C6,F4,1,0,0,0,0,0.19003,R
0,329,8,2,0,0,0,1,0,0,0,0.19029,R
0,334,8,65,C7,F4,1,0,0,0,0,0.19054,R
0,382,8,2,0,0,0,1,0,0,0,0.1908,R
0,000004B1,8,2,0,0,0,1,0,0,0,0.19106,R
0,000004F2,8,2,0,0,0,1,0,0,0,0.19131,R
0,587,8,1,0,0,0,2,0,0,0,0.19157,R
0,370,8,2,0,0,0,1,0,0,0,0.19174,R
0,0000043F,8,2,0,0,0,1,0,0,0,0.192,R
0,000004F1,8,2,0,0,0,1,0,0,0,0.19225,R
0,316,8,2,0,0,0,1,0,0,0,0.20027,R
0,329,8,2,0,0,0,1,0,0,0,0.20044,R
0,382,8,2,0,0,0,1,0,0,0,0.2007,R
0,000004B1,8,2,0,0,0,1,0,0,0,0.20096,R
0,000004F2,8,2,0,0,0,1,0,0,0,0.20121,R
0,587,8,1,0,0,0,2,0,0,0,0.20147,R
0,000000A2,8,18,0,0,0,0,0,0,0,0.20923,R
0,000000B2,8,0,0,0,0,0,0,0,0,0.20949,R
0,000000C4,8,20,4E,0,0,0,0,0,0,0.20974,R
0,316,8,2,0,0,0,1,0,0,0,0.21,R
0,329,8,2,0,0,0,1,0,0,0,0.21026,R
0,382,8,2,0,0,0,1,0,0,0,0.21051,R
0,000004B1,8,2,0,0,0,1,0,0,0,0.21077,R
0,000004F2,8,2,0,0,0,1,0,0,0,0.21102,R
0,587,8,1,0,0,0,2,0,0,0,0.2112,R
0,370,8,2,0,0,0,1,0,0,0,0.21145,R
0,0000043F,8,2,0,0,0,1,0,0,0,0.21171,R
0,000004F1,8,2,0,0,0,1,0,0,0,0.21196,R
0,316,8,2,0,0,0,1,0,0,0,0.2199,R
0,329,8,2,0,0,0,1,0,0,0,0.22016,R
0,382,8,2,0,0,0,1,0,0,0,0.22041,R
0,000004B1,8,2,0,0,0,1,0,0,0,0.22067,R
0,000004F2,8,2,0,0,0,1,0,0,0,0.22092,R
0,587,8,1,0,0,0,2,0,0,0,0.22118,R
0,120,4,F0,55,0,0,0,0,,,0.2234,R
0,316,8,2,0,0,0,1,0,0,0,0.22912,R
0,184,8,21,C7,F4,1,0,0,0,0,0.22929,R
0,000001C7,8,F5,C5,F4,1,0,0,0,0,0.22954,R
0,000001CD,8,59,C6,F4,1,0,0,0,0,0.2298,R
0,1E9,8,BD,C6,F4,1,0,0,0,0,0.23005,R
0,329,8,2,0,0,0,1,0,0,0,0.23031,R
0,334,8,85,C7,F4,1,0,0,0,0,0.23048,R
0,382,8,2,0,0,0,1,0,0,0,0.23074,R
0,000004B1,8,2,0,0,0,1,0,0,0,0.23099,R
0,000004F2,8,2,0,0,0,1,0,0,0,0.23125,R
0,587,8,1,0,0,0,2,0,0,0,0.2315,R
0,370,8,2,0,0,0,1,0,0,0,0.23176,R
0,0000043F,8,2,0,0,0,1,0,0,0,0.23202,R
0,000004F1,8,2,0,0,0,1,0,0,0,0.23227,R
0,000004D1,8,EB,C7,F4,1,0,0,0,0,0.23594,R
0,000004C1,8,4F,C8,F4,1,0,0,0,0,0.2362,R
0,316,8,2,0,0,0,1,0,0,0,0.24021,R
0,329,8,2,0,0,0,1,0,0,0,0.24046,R
0,382,8,2,0,0,0,1,0,0,0,0.24072,R
0,000004B1,8,2,0,0,0,1,0,0,0,0.24098,R
0,000004F2,8,2,0,0,0,1,0,0,0,0.24123,R
0,587,8,1,0,0,0,2,0,0,0,0.24149,R
0,0000017D,8,51,C8,F4,1,0,0,0,0,0.2426,R
0,0000017F,8,B5,C8,F4,1,0,0,0,0,0.24285,R
0,316,8,2,0,0,0,1,0,0,0,0.24942,R
0,329,8,2,0,0,0,1,0,0,0,0.2496,R
0,382,8,2,0,0,0,1,0,0,0,0.24985,R
0,000004B1,8,2,0,0,0,1,0,0,0,0.25011,R
0,000004F2,8,2,0,0,0,1,0,0,0,0.25036,R
0,587,8,1,0,0,0,2,0,0,0,0.25062,R
0,370,8,2,0,0,0,1,0,0,0,0.25088,R
0,0000043F,8,2,0,0,0,1,0,0,0,0.25113,R
0,000004F1,8,2,0,0,0,1,0,0,0,0.25139,R
0,000000A2,8,18,0,0,0,0,0,0,0,0.25924,R
0,000000B2,8,0,0,0,0,0,0,0,0,0.25949,R
0,000000C4,8,20,4E,0,0,0,0,0,0,0.25975,R
0,316,8,2,0,0,0,1,0,0,0,0.26001,R
0,329,8,2,0,0,0,1,0,0,0,0.26026,R
0,382,8,2,0,0,0,1,0,0,0,0.26052,R
0,000004B1,8,2,0,0,0,1,0,0,0,0.26077,R
0,000004F2,8,2,0,0,0,1,0,0,0,0.26103,R
0,587,8,1,0,0,0,2,0,0,0,0.2612,R
0,000001C7,8,6D,C8,F4,1,0,0,0,0,0.26922,R
0,184,8,99,C9,F4,1,0,0,0,0,0.26948,R
0,000001CD,8,D1,C8,F4,1,0,0,0,0,0.26973,R
0,1E9,8,35,C9,F4,1,0,0,0,0,0.26999,R
0,316,8,2,0,0,0,1,0,0,0,0.27025,R
0,329,8,2,0,0,0,1,0,0,0,0.2705,R
0,334,8,FD,C9,F4,1,0,0,0,0,0.27067,R
0,382,8,2,0,0,0,1,0,0,0,0.27093,R
0,000004B1,8,2,0,0,0,1,0,0,0,0.27118,R
0,000004F2,8,2,0,0,0,1,0,0,0,0.27144,R
0,587,8,1,0,0,0,2,0,0,0,0.2717,R
0,370,8,2,0,0,0,1,0,0,0,0.27195,R
0,0000043F,8,2,0,0,0,1,0,0,0,0.27221,R
0,000004F1,8,2,0,0,0,1,0,0,0,0.27246,R
0,316,8,2,0,0,0,1,0,0,0,0.28049,R
0,329,8,2,0,0,0,1,0,0,0,0.28074,R
0,382,8,2,0,0,0,1,0,0,0,0.281,R
0,000004B1,8,2,0,0,0,1,0,0,0,0.28125,R
0,000004F2,8,2,0,0,0,1,0,0,0,0.28151,R
0,587,8,1,0,0,0,2,0,0,0,0.28177,R
0,316,8,2,0,0,0,1,0,0,0,0.2897,R
0,329,8,2,0,0,0,1,0,0,0,0.28996,R
0,382,8,2,0,0,0,1,0,0,0,0.29021,R
0,000004B1,8,2,0,0,0,1,0,0,0,0.29047,R
0,000004F2,8,2,0,0,0,1,0,0,0,0.29073,R
0,587,8,1,0,0,0,2,0,0,0,0.2909,R
0,370,8,2,0,0,0,1,0,0,0,0.29115,R
0,0000043F,8,2,0,0,0,1,0,0,0,0.29141,R
0,000004F1,8,2,0,0,0,1,0,0,0,0.29166,R
0,316,8,2,0,0,0,1,0,0,0,0.29986,R
0,329,8,2,0,0,0,1,0,0,0,0.30011,R
0,382,8,2,0,0,0,1,0,0,0,0.30037,R
0,000004B1,8,2,0,0,0,1,0,0,0,0.30062,R
0,000004F2,8,2,0,0,0,1,0,0,0,0.30088,R
0,587,8,1,0,0,0,2,0,0,0,0.30105,R
0,120,4,F0,55,0,0,0,0,,,0.30344,R
0,316,8,2,0,0,0,1,0,0,0,0.30907,R
0,000000A2,8,18,0,0,0,0,0,0,0,0.30933,R
0,000000B2,8,0,0,0,0,0,0,0,0,0.3095,R
0,000000C4,8,20,4E,0,0,0,0,0,0,0.30976,R
0,184,8,B9,C9,F4,1,0,0,0,0,0.31001,R
0,1E9,8,55,C9,F4,1,0,0,0,0,0.31027,R
0,329,8,2,0,0,0,1,0,0,0,0.31052,R
0,334,8,1D,CA,F4,1,0,0,0,0,0.31078,R
0,382,8,2,0,0,0,1,0,0,0,0.31104,R
0,000004B1,8,2,0,0,0,1,0,0,0,0.31121,R
0,000004F2,8,2,0,0,0,1,0,0,0,0.31146,R
0,587,8,1,0,0,0,2,0,0,0,0.31172,R
0,370,8,2,0,0,0,1,0,0,0,0.31197,R
0,0000043F,8,2,0,0,0,1,0,0,0,0.31223,R
0,000004F1,8,2,0,0,0,1,0,0,0,0.31249,R
0,316,8,2,0,0,0,1,0,0,0,0.32051,R
0,329,8,2,0,0,0,1,0,0,0,0.32076,R
0,382,8,2,0,0,0,1,0,0,0,0.32102,R
0,000004B1,8,2,0,0,0,1,0,0,0,0.32128,R
0,000004F2,8,2,0,0,0,1,0,0,0,0.32153,R
0,587,8,1,0,0,0,2,0,0,0,0.3217,R
0,316,8,2,0,0,0,1,0,0,0,0.32972,R
0,329,8,2,0,0,0,1,0,0,0,0.32989,R
0,382,8,2,0,0,0,1,0,0,0,0.33015,R
0,000004B1,8,2,0,0,0,1,0,0,0,0.33041,R
0,000004F2,8,2,0,0,0,1,0,0,0,0.33066,R
0,587,8,1,0,0,0,2,0,0,0,0.33092,R
0,370,8,2,0,0,0,1,0,0,0,0.33117,R
0,0000043F,8,2,0,0,0,1,0,0,0,0.33143,R
0,000004F1,8,2,0,0,0,1,0,0,0,0.33169,R
0,0000017D,8,F9,C8,F4,1,0,0,0,0,0.33595,R
0,0000017F,8,5D,C9,F4,1,0,0,0,0,0.33621,R
0,316,8,2,0,0,0,1,0,0,0,0.33988,R
0,329,8,2,0,0,0,1,0,0,0,0.34005,R
0,382,8,2,0,0,0,1,0,0,0,0.3403,R
0,000004B1,8,2,0,0,0,1,0,0,0,0.34056,R
0,000004F2,8,2,0,0,0,1,0,0,0,0.34082,R
0,587,8,1,0,0,0,2,0,0,0,0.34107,R
0,316,8,2,0,0,0,1,0,0,0,0.34901,R
0,329,8,2,0,0,0,1,0,0,0,0.34926,R
0,184,8,3D,CA,F4,1,0,0,0,0,0.34952,R
0,000001C7,8,11,C9,F4,1,0,0,0,0,0.34978,R
0,000001CD,8,75,C9,F4,1,0,0,0,0,0.35003,R
0,1E9,8,D9,C9,F4,1,0,0,0,0,0.3502,R
0,334,8,A1,CA,F4,1,0,0,0,0,0.35046,R
0,382,8,2,0,0,0,1,0,0,0,0.35072,R
0,000004B1,8,2,0,0,0,1,0,0,0,0.35097,R
0,000004F2,8,2,0,0,0,1,0,0,0,0.35123,R
0,587,8,1,0,0,0,2,0,0,0,0.35148,R
0,370,8,2,0,0,0,1,0,0,0,0.35174,R
0,0000043F,8,2,0,0,0,1,0,0,0,0.352,R
0,000004F1,8,2,0,0,0,1,0,0,0,0.35217,R
0,000000A2,8,18,0,0,0,0,0,0,0,0.35925,R
0,000000B2,8,0,0,0,0,0,0,0,0,0.3595,R
0,000000C4,8,20,4E,0,0,0,0,0,0,0.35976,R
0,316,8,2,0,0,0,1,0,0,0,0.36019,R
0,329,8,2,0,0,0,1,0,0,0,0.36044,R
0,382,8,2,0,0,0,1,0,0,0,0.36061,R
0,000004B1,8,2,0,0,0,1,0,0,0,0.36087,R
0,000004F2,8,2,0,0,0,1,0,0,0,0.36113,R
0,587,8,1,0,0,0,2,0,0,0,0.36138,R
0,316,8,2,0,0,0,1,0,0,0,0.36932,R
0,329,8,2,0,0,0,1,0,0,0,0.36957,R
0,382,8,2,0,0,0,1,0,0,0,0.36983,R
0,000004B1,8,2,0,0,0,1,0,0,0,0.37009,R
0,000004F2,8,2,0,0,0,1,0,0,0,0.37034,R
0,587,8,1,0,0,0,2,0,0,0,0.3706,R
0,370,8,2,0,0,0,1,0,0,0,0.37085,R
0,0000043F,8,2,0,0,0,1,0,0,0,0.37111,R
0,000004F1,8,2,0,0,0,1,0,0,0,0.37128,R
0,316,8,2,0,0,0,1,0,0,0,0.37947,R
0,329,8,2,0,0,0,1,0,0,0,0.37973,R
0,382,8,2,0,0,0,1,0,0,0,0.37998,R
0,000004B1,8,2,0,0,0,1,0,0,0,0.38024,R
0,000004F2,8,2,0,0,0,1,0,0,0,0.3805,R
0,587,8,1,0,0,0,2,0,0,0,0.38075,R
0,120,4,F0,55,0,0,0,0,,,0.3834,R
0,316,8,2,0,0,0,1,0,0,0,0.38869,R
0,329,8,2,0,0,0,1,0,0,0,0.38894,R
0,382,8,2,0,0,0,1,0,0,0,0.3892,R
0,184,8,5D,CA,F4,1,0,0,0,0,0.38937,R
0,000001C7,8,31,C9,F4,1,0,0,0,0,0.38963,R
0,000001CD,8,95,C9,F4,1,0,0,0,0,0.38988,R
0,1E9,8,F9,C9,F4,1,0,0,0,0,0.39014,R
0,334,8,C1,CA,F4,1,0,0,0,0,0.3904,R
0,000004B1,8,2,0,0,0,1,0,0,0,0.39057,R
0,000004F2,8,2,0,0,0,1,0,0,0,0.39082,R
0,587,8,1,0,0,0,2,0,0,0,0.39108,R
0,370,8,2,0,0,0,1,0,0,0,0.39133,R
0,0000043F,8,2,0,0,0,1,0,0,0,0.39159,R
0,000004F1,8,2,0,0,0,1,0,0,0,0.39185,R
0,316,8,2,0,0,0,1,0,0,0,0.39978,R
0,329,8,2,0,0,0,1,0,0,0,0.40004,R
0,382,8,2,0,0,0,1,0,0,0,0.40029,R
0,000004B1,8,2,0,0,0,1,0,0,0,0.40055,R
0,000004F2,8,2,0,0,0,1,0,0,0,0.40081,R
0,587,8,1,0,0,0,2,0,0,0,0.40106,R
0,316,8,2,0,0,0,1,0,0,0,0.409,R
0,329,8,2,0,0,0,1,0,0,0,0.40925,R
0,000000A2,8,18,0,0,0,0,0,0,0,0.40951,R
0,000000B2,8,0,0,0,0,0,0,0,0,0.40977,R
0,000000C4,8,20,4E,0,0,0,0,0,0,0.41002,R
0,382,8,2,0,0,0,1,0,0,0,0.41019,R
0,000004B1,8,2,0,0,0,1,0,0,0,0.41045,R
0,000004F2,8,2,0,0,0,1,0,0,0,0.4107,R
0,587,8,1,0,0,0,2,0,0,0,0.41096,R
0,370,8,2,0,0,0,1,0,0,0,0.41122,R
0,0000043F,8,2,0,0,0,1,0,0,0,0.41147,R
0,000004F1,8,2,0,0,0,1,0,0,0,0.41173,R
0,316,8,2,0,0,0,1,0,0,0,0.41984,R
0,329,8,2,0,0,0,1,0,0,0,0.42009,R
0,382,8,2,0,0,0,1,0,0,0,0.42026,R
0,000004B1,8,2,0,0,0,1,0,0,0,0.42052,R
0,000004F2,8,2,0,0,0,1,0,0,0,0.42077,R
0,587,8,1,0,0,0,2,0,0,0,0.42103,R
0,316,8,2,0,0,0,1,0,0,0,0.42897,R
0,329,8,2,0,0,0,1,0,0,0,0.42922,R
0,0000017D,8,B5,C9,F4,1,0,0,0,0,0.42948,R
0,0000017F,8,19,CA,F4,1,0,0,0,0,0.42973,R
0,184,8,7D,CA,F4,1,0,0,0,0,0.42999,R
0,000001C7,8,51,C9,F4,1,0,0,0,0,0.43016,R
0,000001CD,8,B5,C9,F4,1,0,0,0,0,0.43042,R
0,1E9,8,19,CA,F4,1,0,0,0,0,0.43067,R
0,334,8,E1,CA,F4,1,0,0,0,0,0.43093,R
0,382,8,2,0,0,0,1,0,0,0,0.43118,R
0,000004B1,8,2,0,0,0,1,0,0,0,0.43144,R
0,000004F2,8,2,0,0,0,1,0,0,0,0.4317,R
0,587,8,1,0,0,0,2,0,0,0,0.43187,R
0,370,8,2,0,0,0,1,0,0,0,0.43212,R
0,0000043F,8,2,0,0,0,1,0,0,0,0.43238,R
0,000004F1,8,2,0,0,0,1,0,0,0,0.43264,R
0,316,8,2,0,0,0,1,0,0,0,0.44074,R
0,329,8,2,0,0,0,1,0,0,0,0.441,R
0,382,8,2,0,0,0,1,0,0,0,0.44125,R
0,000004B1,8,2,0,0,0,1,0,0,0,0.44151,R
0,000004F2,8,2,0,0,0,1,0,0,0,0.44177,R
0,587,8,1,0,0,0,2,0,0,0,0.44202,R
0,316,8,2,0,0,0,1,0,0,0,0.44996,R
0,329,8,2,0,0,0,1,0,0,0,0.45021,R
0,382,8,2,0,0,0,1,0,0,0,0.45047,R
0,000004B1,8,2,0,0,0,1,0,0,0,0.45073,R
0,000004F2,8,2,0,0,0,1,0,0,0,0.4509,R
0,587,8,1,0,0,0,2,0,0,0,0.45115,R
0,370,8,2,0,0,0,1,0,0,0,0.45141,R
0,0000043F,8,2,0,0,0,1,0,0,0,0.45166,R
0,000004F1,8,2,0,0,0,1,0,0,0,0.45192,R
0,000000A2,8,18,0,0,0,0,0,0,0,0.45926,R
0,000000B2,8,0,0,0,0,0,0,0,0,0.45952,R
0,000000C4,8,20,4E,0,0,0,0,0,0,0.45977,R
0,316,8,2,0,0,0,1,0,0,0,0.46011,R
0,329,8,2,0,0,0,1,0,0,0,0.46037,R
0,382,8,2,0,0,0,1,0,0,0,0.46062,R
0,000004B1,8,2,0,0,0,1,0,0,0,0.46088,R
0,000004F2,8,2,0,0,0,1,0,0,0,0.46114,R
0,587,8,1,0,0,0,2,0,0,0,0.46131,R
0,120,4,F0,55,0,0,0,0,,,0.46344,R
0,000001C7,8,D5,C9,F4,1,0,0,0,0,0.46924,R
0,184,8,1,CB,F4,1,0,0,0,0,0.4695,R
0,000001CD,8,39,CA,F4,1,0,0,0,0,0.46976,R
0,1E9,8,9D,CA,F4,1,0,0,0,0,0.47001,R
0,316,8,2,0,0,0,1,0,0,0,0.47027,R
0,329,8,2,0,0,0,1,0,0,0,0.47052,R
0,334,8,65,CB,F4,1,0,0,0,0,0.47069,R
0,382,8,2,0,0,0,1,0,0,0,0.47095,R
0,000004B1,8,2,0,0,0,1,0,0,0,0.47121,R
0,000004F2,8,2,0,0,0,1,0,0,0,0.47146,R
0,587,8,1,0,0,0,2,0,0,0,0.47172,R
0,370,8,2,0,0,0,1,0,0,0,0.47197,R
0,0000043F,8,2,0,0,0,1,0,0,0,0.47223,R
0,000004F1,8,2,0,0,0,1,0,0,0,0.47249,R
0,316,8,2,0,0,0,1,0,0,0,0.48042,R
0,329,8,2,0,0,0,1,0,0,0,0.48068,R
0,382,8,2,0,0,0,1,0,0,0,0.48093,R
0,000004B1,8,2,0,0,0,1,0,0,0,0.48119,R
0,000004F2,8,2,0,0,0,1,0,0,0,0.48145,R
0,587,8,1,0,0,0,2,0,0,0,0.4817,R
0,316,8,2,0,0,0,1,0,0,0,0.48964,R
0,329,8,2,0,0,0,1,0,0,0,0.48989,R
0,382,8,2,0,0,0,1,0,0,0,0.49006,R
0,000004B1,8,2,0,0,0,1,0,0,0,0.49032,R
0,000004F2,8,2,0,0,0,1,0,0,0,0.49058,R
0,587,8,1,0,0,0,2,0,0,0,0.49083,R
0,370,8,2,0,0,0,1,0,0,0,0.49109,R
0,0000043F,8,2,0,0,0,1,0,0,0,0.49134,R
0,000004F1,8,2,0,0,0,1,0,0,0,0.4916,R
0,316,8,2,0,0,0,1,0,0,0,0.49979,R
0,329,8,2,0,0,0,1,0,0,0,0.50005,R
0,382,8,2,0,0,0,1,0,0,0,0.50022,R
0,000004B1,8,2,0,0,0,1,0,0,0,0.50048,R
0,000004F2,8,2,0,0,0,1,0,0,0,0.50073,R
0,587,8,1,0,0,0,2,0,0,0,0.50099,R
0,316,8,2,0,0,0,1,0,0,0,0.50892,R
0,329,8,2,0,0,0,1,0,0,0,0.50918,R
0,000000A2,8,18,0,0,0,0,0,0,0,0.50944,R
0,000000B2,8,0,0,0,0,0,0,0,0,0.50969,R
0,000000C4,8,20,4E,0,0,0,0,0,0,0.50995,R
0,184,8,21,CB,F4,1,0,0,0,0,0.5102,R
0,1E9,8,BD,CA,F4,1,0,0,0,0,0.51037,R
0,334,8,85,CB,F4,1,0,0,0,0,0.51063,R
0,382,8,2,0,0,0,1,0,0,0,0.51089,R
0,000004B1,8,2,0,0,0,1,0,0,0,0.51114,R
0,000004F2,8,2,0,0,0,1,0,0,0,0.5114,R
0,587,8,1,0,0,0,2,0,0,0,0.51165,R
0,370,8,2,0,0,0,1,0,0,0,0.51191,R
0,0000043F,8,2,0,0,0,1,0,0,0,0.51217,R
0,000004F1,8,2,0,0,0,1,0,0,0,0.51242,R
0,316,8,2,0,0,0,1,0,0,0,0.52044,R
0,329,8,2,0,0,0,1,0,0,0,0.5207,R
0,382,8,2,0,0,0,1,0,0,0,0.52087,R
0,000004B1,8,2,0,0,0,1,0,0,0,0.52113,R
0,000004F2,8,2,0,0,0,1,0,0,0,0.52138,R
0,587,8,1,0,0,0,2,0,0,0,0.52164,R
0,0000017D,8,5D,CA,F4,1,0,0,0,0,0.52258,R
0,0000017F,8,C1,CA,F4,1,0,0,0,0,0.52283,R
0,316,8,2,0,0,0,1,0,0,0,0.52957,R
0,329,8,2,0,0,0,1,0,0,0,0.52983,R
0,382,8,2,0,0,0,1,0,0,0,0.53009,R
0,000004B1,8,2,0,0,0,1,0,0,0,0.53034,R
0,000004F2,8,2,0,0,0,1,0,0,0,0.5306,R
0,587,8,1,0,0,0,2,0,0,0,0.53085,R
0,370,8,2,0,0,0,1,0,0,0,0.53111,R
0,0000043F,8,2,0,0,0,1,0,0,0,0.53128,R
0,000004F1,8,2,0,0,0,1,0,0,0,0.53154,R
0,316,8,2,0,0,0,1,0,0,0,0.53973,R
0,329,8,2,0,0,0,1,0,0,0,0.53998,R
0,382,8,2,0,0,0,1,0,0,0,0.54024,R
0,000004B1,8,2,0,0,0,1,0,0,0,0.5405,R
0,000004F2,8,2,0,0,0,1,0,0,0,0.54075,R
0,587,8,1,0,0,0,2,0,0,0,0.54101,R
0,120,4,F0,55,0,0,0,0,,,0.5434,R
0,316,8,2,0,0,0,1,0,0,0,0.54894,R
0,329,8,2,0,0,0,1,0,0,0,0.5492,R
0,184,8,A5,CB,F4,1,0,0,0,0,0.54946,R
0,000001C7,8,79,CA,F4,1,0,0,0,0,0.54963,R
0,000001CD,8,DD,CA,F4,1,0,0,0,0,0.54988,R
0,1E9,8,41,CB,F4,1,0,0,0,0,0.55014,R
0,334,8,9,CC,F4,1,0,0,0,0,0.5504,R
0,382,8,2,0,0,0,1,0,0,0,0.55057,R
0,000004B1,8,2,0,0,0,1,0,0,0,0.55082,R
0,000004F2,8,2,0,0,0,1,0,0,0,0.55108,R
0,587,8,1,0,0,0,2,0,0,0,0.55133,R
0,370,8,2,0,0,0,1,0,0,0,0.55159,R
0,0000043F,8,2,0,0,0,1,0,0,0,0.55185,R
0,000004F1,8,2,0,0,0,1,0,0,0,0.5521,R
0,000000A2,8,18,0,0,0,0,0,0,0,0.55927,R
0,000000B2,8,0,0,0,0,0,0,0,0,0.55953,R
0,000000C4,8,20,4E,0,0,0,0,0,0,0.55978,R
0,316,8,2,0,0,0,1,0,0,0,0.56004,R
0,329,8,2,0,0,0,1,0,0,0,0.56029,R
0,382,8,2,0,0,0,1,0,0,0,0.56055,R
0,000004B1,8,2,0,0,0,1,0,0,0,0.56081,R
0,000004F2,8,2,0,0,0,1,0,0,0,0.56106,R
0,587,8,1,0,0,0,2,0,0,0,0.56132,R
0,316,8,2,0,0,0,1,0,0,0,0.56925,R
0,329,8,2,0,0,0,1,0,0,0,0.56951,R
0,382,8,2,0,0,0,1,0,0,0,0.56977,R
0,000004B1,8,2,0,0,0,1,0,0,0,0.57002,R
0,000004F2,8,2,0,0,0,1,0,0,0,0.57019,R
0,587,8,1,0,0,0,2,0,0,0,0.57045,R
0,370,8,2,0,0,0,1,0,0,0,0.5707,R
0,0000043F,8,2,0,0,0,1,0,0,0,0.57096,R
0,000004F1,8,2,0,0,0,1,0,0,0,0.57122,R
0,316,8,2,0,0,0,1,0,0,0,0.57941,R
0,329,8,2,0,0,0,1,0,0,0,0.57966,R
0,382,8,2,0,0,0,1,0,0,0,0.57992,R
0,000004B1,8,2,0,0,0,1,0,0,0,0.58018,R
0,000004F2,8,2,0,0,0,1,0,0,0,0.58035,R
0,587,8,1,0,0,0,2,0,0,0,0.5806,R
0,316,8,2,0,0,0,1,0,0,0,0.58854,R
0,329,8,2,0,0,0,1,0,0,0,0.5888,R
0,382,8,2,0,0,0,1,0,0,0,0.58905,R
0,184,8,C5,CB,F4,1,0,0,0,0,0.58931,R
0,000001C7,8,99,CA,F4,1,0,0,0,0,0.58956,R
0,000001CD,8,FD,CA,F4,1,0,0,0,0,0.58982,R
0,1E9,8,61,CB,F4,1,0,0,0,0,0.58999,R
0,334,8,29,CC,F4,1,0,0,0,0,0.59025,R
0,000004B1,8,2,0,0,0,1,0,0,0,0.5905,R
0,000004F2,8,2,0,0,0,1,0,0,0,0.59076,R
0,587,8,1,0,0,0,2,0,0,0,0.59101,R
0,370,8,2,0,0,0,1,0,0,0,0.59127,R
0,0000043F,8,2,0,0,0,1,0,0,0,0.59153,R
0,000004F1,8,2,0,0,0,1,0,0,0,0.59178,R
0,316,8,2,0,0,0,1,0,0,0,0.59972,R
0,329,8,2,0,0,0,1,0,0,0,0.59997,R
0,382,8,2,0,0,0,1,0,0,0,0.60023,R
0,000004B1,8,2,0,0,0,1,0,0,0,0.60049,R
0,000004F2,8,2,0,0,0,1,0,0,0,0.60074,R
0,587,8,1,0,0,0,2,0,0,0,0.60091,R
0,316,8,2,0,0,0,1,0,0,0,0.60893,R
0,329,8,2,0,0,0,1,0,0,0,0.6091,R
0,000000A2,8,18,0,0,0,0,0,0,0,0.60936,R
0,000000B2,8,0,0,0,0,0,0,0,0,0.60962,R
0,000000C4,8,20,4E,0,0,0,0,0,0,0.60987,R
0,382,8,2,0,0,0,1,0,0,0,0.61013,R
0,000004B1,8,2,0,0,0,1,0,0,0,0.61038,R
0,000004F2,8,2,0,0,0,1,0,0,0,0.61064,R
0,587,8,1,0,0,0,2,0,0,0,0.6109,R
0,370,8,2,0,0,0,1,0,0,0,0.61115,R
0,0000043F,8,2,0,0,0,1,0,0,0,0.61141,R
0,000004F1,8,2,0,0,0,1,0,0,0,0.61158,R
0,0000017D,8,5,CB,F4,1,0,0,0,0,0.61593,R
0,0000017F,8,69,CB,F4,1,0,0,0,0,0.61619,R
0,316,8,2,0,0,0,1,0,0,0,0.61969,R
0,329,8,2,0,0,0,1,0,0,0,0.61994,R
0,382,8,2,0,0,0,1,0,0,0,0.6202,R
0,000004B1,8,2,0,0,0,1,0,0,0,0.62045,R
0,000004F2,8,2,0,0,0,1,0,0,0,0.62071,R
0,587,8,1,0,0,0,2,0,0,0,0.62097,R
0,120,4,F0,55,0,0,0,0,,,0.62344,R
0,316,8,2,0,0,0,1,0,0,0,0.6289,R
0,329,8,2,0,0,0,1,0,0,0,0.62916,R
0,184,8,49,CC,F4,1,0,0,0,0,0.62941,R
0,000001C7,8,1D,CB,F4,1,0,0,0,0,0.62958,R
0,000001CD,8,81,CB,F4,1,0,0,0,0,0.62984,R
0,1E9,8,E5,CB,F4,1,0,0,0,0,0.6301,R
0,334,8,AD,CC,F4,1,0,0,0,0,0.63035,R
0,382,8,2,0,0,0,1,0,0,0,0.63061,R
0,000004B1,8,2,0,0,0,1,0,0,0,0.63086,R
0,000004F2,8,2,0,0,0,1,0,0,0,0.63112,R
0,587,8,1,0,0,0,2,0,0,0,0.63129,R
0,370,8,2,0,0,0,1,0,0,0,0.63155,R
0,0000043F,8,2,0,0,0,1,0,0,0,0.6318,R
0,000004F1,8,2,0,0,0,1,0,0,0,0.63206,R
0,316,8,2,0,0,0,1,0,0,0,0.64,R
0,329,8,2,0,0,0,1,0,0,0,0.64025,R
0,382,8,2,0,0,0,1,0,0,0,0.64051,R
0,000004B1,8,2,0,0,0,1,0,0,0,0.64076,R
0,000004F2,8,2,0,0,0,1,0,0,0,0.64102,R
0,587,8,1,0,0,0,2,0,0,0,0.64128,R
0,316,8,2,0,0,0,1,0,0,0,0.64921,R
0,329,8,2,0,0,0,1,0,0,0,0.64947,R
0,382,8,2,0,0,0,1,0,0,0,0.64972,R
0,000004B1,8,2,0,0,0,1,0,0,0,0.64998,R
0,000004F2,8,2,0,0,0,1,0,0,0,0.65015,R
0,587,8,1,0,0,0,2,0,0,0,0.65041,R
0,370,8,2,0,0,0,1,0,0,0,0.65066,R
0,0000043F,8,2,0,0,0,1,0,0,0,0.65092,R
0,000004F1,8,2,0,0,0,1,0,0,0,0.65117,R
0,000000A2,8,18,0,0,0,0,0,0,0,0.65928,R
0,000000B2,8,0,0,0,0,0,0,0,0,0.65954,R
0,000000C4,8,20,4E,0,0,0,0,0,0,0.65979,R
0,316,8,2,0,0,0,1,0,0,0,0.66005,R
0,329,8,2,0,0,0,1,0,0,0,0.6603,R
0,382,8,2,0,0,0,1,0,0,0,0.66056,R
0,000004B1,8,2,0,0,0,1,0,0,0,0.66082,R
0,000004F2,8,2,0,0,0,1,0,0,0,0.66107,R
0,587,8,1,0,0,0,2,0,0,0,0.66124,R
0,316,8,2,0,0,0,1,0,0,0,0.66918,R
0,184,8,69,CC,F4,1,0,0,0,0,0.66944,R
0,000001C7,8,3D,CB,F4,1,0,0,0,0,0.66969,R
0,000001CD,8,A1,CB,F4,1,0,0,0,0,0.66995,R
0,1E9,8,5,CC,F4,1,0,0,0,0,0.67012,R
0,329,8,2,0,0,0,1,0,0,0,0.67037,R
0,334,8,CD,CC,F4,1,0,0,0,0,0.67063,R
0,382,8,2,0,0,0,1,0,0,0,0.67089,R
0,000004B1,8,2,0,0,0,1,0,0,0,0.67114,R
0,000004F2,8,2,0,0,0,1,0,0,0,0.6714,R
0,587,8,1,0,0,0,2,0,0,0,0.67165,R
0,370,8,2,0,0,0,1,0,0,0,0.67191,R
0,0000043F,8,2,0,0,0,1,0,0,0,0.67217,R
0,000004F1,8,2,0,0,0,1,0,0,0,0.67234,R
0,316,8,2,0,0,0,1,0,0,0,0.68036,R
0,329,8,2,0,0,0,1,0,0,0,0.68061,R
0,382,8,2,0,0,0,1,0,0,0,0.68087,R
0,000004B1,8,2,0,0,0,1,0,0,0,0.68104,R
0,000004F2,8,2,0,0,0,1,0,0,0,0.6813,R
0,587,8,1,0,0,0,2,0,0,0,0.68155,R
0,316,8,2,0,0,0,1,0,0,0,0.68949,R
0,329,8,2,0,0,0,1,0,0,0,0.68974,R
0,382,8,2,0,0,0,1,0,0,0,0.69,R
0,000004B1,8,2,0,0,0,1,0,0,0,0.69026,R
0,000004F2,8,2,0,0,0,1,0,0,0,0.69051,R
0,587,8,1,0,0,0,2,0,0,0,0.69077,R
0,370,8,2,0,0,0,1,0,0,0,0.69102,R
0,0000043F,8,2,0,0,0,1,0,0,0,0.69128,R
0,000004F1,8,2,0,0,0,1,0,0,0,0.69145,R
0,316,8,2,0,0,0,1,0,0,0,0.69964,R
0,329,8,2,0,0,0,1,0,0,0,0.6999,R
0,382,8,2,0,0,0,1,0,0,0,0.70016,R
0,000004B1,8,2,0,0,0,1,0,0,0,0.70041,R
0,000004F2,8,2,0,0,0,1,0,0,0,0.70067,R
0,587,8,1,0,0,0,2,0,0,0,0.70092,R
0,120,4,F0,55,0,0,0,0,,,0.7034,R
0,316,8,2,0,0,0,1,0,0,0,0.70886,R
0,329,8,2,0,0,0,1,0,0,0,0.70912,R
0,000000A2,8,18,0,0,0,0,0,0,0,0.70937,R
0,000000B2,8,0,0,0,0,0,0,0,0,0.70963,R
0,000000C4,8,20,4E,0,0,0,0,0,0,0.7098,R
0,0000017D,8,C1,CB,F4,1,0,0,0,0,0.71005,R
0,0000017F,8,25,CC,F4,1,0,0,0,0,0.71031,R
0,184,8,89,CC,F4,1,0,0,0,0,0.71057,R
0,1E9,8,25,CC,F4,1,0,0,0,0,0.71082,R
0,334,8,ED,CC,F4,1,0,0,0,0,0.71108,R
0,382,8,2,0,0,0,1,0,0,0,0.71125,R
0,000004B1,8,2,0,0,0,1,0,0,0,0.7115,R
0,000004F2,8,2,0,0,0,1,0,0,0,0.71176,R
0,587,8,1,0,0,0,2,0,0,0,0.71202,R
0,370,8,2,0,0,0,1,0,0,0,0.71227,R
0,0000043F,8,2,0,0,0,1,0,0,0,0.71253,R
0,000004F1,8,2,0,0,0,1,0,0,0,0.71278,R
0,316,8,2,0,0,0,1,0,0,0,0.72064,R
0,329,8,2,0,0,0,1,0,0,0,0.72089,R
0,382,8,2,0,0,0,1,0,0,0,0.72115,R
0,000004B1,8,2,0,0,0,1,0,0,0,0.7214,R
0,000004F2,8,2,0,0,0,1,0,0,0,0.72166,R
0,587,8,1,0,0,0,2,0,0,0,0.72192,R
0,000004D1,8,B9,CD,F4,1,0,0,0,0,0.72268,R
0,000004C1,8,1D,CE,F4,1,0,0,0,0,0.72285,R
0,316,8,2,0,0,0,1,0,0,0,0.72985,R
0,329,8,2,0,0,0,1,0,0,0,0.73011,R
0,382,8,2,0,0,0,1,0,0,0,0.73028,R
0,000004B1,8,2,0,0,0,1,0,0,0,0.73053,R
0,000004F2,8,2,0,0,0,1,0,0,0,0.73079,R
0,587,8,1,0,0,0,2,0,0,0,0.73105,R
0,370,8,2,0,0,0,1,0,0,0,0.7313,R
0,0000043F,8,2,0,0,0,1,0,0,0,0.73156,R
0,000004F1,8,2,0,0,0,1,0,0,0,0.73181,R
0,316,8,2,0,0,0,1,0,0,0,0.74001,R
0,329,8,2,0,0,0,1,0,0,0,0.74026,R
0,382,8,2,0,0,0,1,0,0,0,0.74052,R
0,000004B1,8,2,0,0,0,1,0,0,0,0.74069,R
0,000004F2,8,2,0,0,0,1,0,0,0,0.74094,R
0,587,8,1,0,0,0,2,0,0,0,0.7412,R
0,316,8,2,0,0,0,1,0,0,0,0.74914,R
0,184,8,1,CF,F4,1,0,0,0,0,0.74939,R
0,000001C7,8,D5,CD,F4,1,0,0,0,0,0.74965,R
0,000001CD,8,39,CE,F4,1,0,0,0,0,0.7499,R
0,1E9,8,9D,CE,F4,1,0,0,0,0,0.75008,R
0,329,8,2,0,0,0,1,0,0,0,0.75033,R
0,334,8,65,CF,F4,1,0,0,0,0,0.75059,R
0,382,8,2,0,0,0,1,0,0,0,0.75084,R
0,000004B1,8,2,0,0,0,1,0,0,0,0.7511,R
0,000004F2,8,2,0,0,0,1,0,0,0,0.75136,R
0,587,8,1,0,0,0,2,0,0,0,0.75161,R
0,370,8,2,0,0,0,1,0,0,0,0.75187,R
0,0000043F,8,2,0,0,0,1,0,0,0,0.75212,R
0,000004F1,8,2,0,0,0,1,0,0,0,0.75229,R
0,000000A2,8,18,0,0,0,0,0,0,0,0.75929,R
0,000000B2,8,0,0,0,0,0,0,0,0,0.75955,R
0,000000C4,8,20,4E,0,0,0,0,0,0,0.7598,R
0,316,8,2,0,0,0,1,0,0,0,0.76032,R
0,329,8,2,0,0,0,1,0,0,0,0.76057,R
0,382,8,2,0,0,0,1,0,0,0,0.76083,R
0,000004B1,8,2,0,0,0,1,0,0,0,0.761,R
0,000004F2,8,2,0,0,0,1,0,0,0,0.76125,R
0,587,8,1,0,0,0,2,0,0,0,0.76151,R
0,316,8,2,0,0,0,1,0,0,0,0.76945,R
0,329,8,2,0,0,0,1,0,0,0,0.7697,R
0,382,8,2,0,0,0,1,0,0,0,0.76996,R
0,000004B1,8,2,0,0,0,1,0,0,0,0.77021,R
0,000004F2,8,2,0,0,0,1,0,0,0,0.77047,R
0,587,8,1,0,0,0,2,0,0,0,0.77073,R
0,370,8,2,0,0,0,1,0,0,0,0.77098,R
0,0000043F,8,2,0,0,0,1,0,0,0,0.77124,R
0,000004F1,8,2,0,0,0,1,0,0,0,0.77141,R
0,316,8,2,0,0,0,1,0,0,0,0.7796,R
0,329,8,2,0,0,0,1,0,0,0,0.77986,R
0,382,8,2,0,0,0,1,0,0,0,0.78011,R
0,000004B1,8,2,0,0,0,1,0,0,0,0.78037,R
0,000004F2,8,2,0,0,0,1,0,0,0,0.78062,R
0,587,8,1,0,0,0,2,0,0,0,0.78088,R
0,120,4,F0,55,0,0,0,0,,,0.78344,R
0,316,8,2,0,0,0,1,0,0,0,0.78882,R
0,329,8,2,0,0,0,1,0,0,0,0.78907,R
0,382,8,2,0,0,0,1,0,0,0,0.78933,R
0,184,8,21,CF,F4,1,0,0,0,0,0.78958,R
0,000001C7,8,F5,CD,F4,1,0,0,0,0,0.78976,R
0,000001CD,8,59,CE,F4,1,0,0,0,0,0.79001,R
0,1E9,8,BD,CE,F4,1,0,0,0,0,0.79027,R
0,334,8,85,CF,F4,1,0,0,0,0,0.79052,R
0,000004B1,8,2,0,0,0,1,0,0,0,0.79078,R
0,000004F2,8,2,0,0,0,1,0,0,0,0.79104,R
0,587,8,1,0,0,0,2,0,0,0,0.79121,R
0,370,8,2,0,0,0,1,0,0,0,0.79146,R
0,0000043F,8,2,0,0,0,1,0,0,0,0.79172,R
0,000004F1,8,2,0,0,0,1,0,0,0,0.79197,R
0,316,8,2,0,0,0,1,0,0,0,0.8,R
0,329,8,2,0,0,0,1,0,0,0,0.80017,R
0,382,8,2,0,0,0,1,0,0,0,0.80042,R
0,000004B1,8,2,0,0,0,1,0,0,0,0.80068,R
0,000004F2,8,2,0,0,0,1,0,0,0,0.80093,R
0,587,8,1,0,0,0,2,0,0,0,0.80119,R
0,0000017D,8,5D,CE,F4,1,0,0,0,0,0.80264,R
0,0000017F,8,C1,CE,F4,1,0,0,0,0,0.8029,R
0,316,8,2,0,0,0,1,0,0,0,0.80913,R
0,000000A2,8,18,0,0,0,0,0,0,0,0.80938,R
0,000000B2,8,0,0,0,0,0,0,0,0,0.80964,R
0,000000C4,8,20,4E,0,0,0,0,0,0,0.80989,R
0,329,8,2,0,0,0,1,0,0,0,0.81015,R
0,382,8,2,0,0,0,1,0,0,0,0.81041,R
0,000004B1,8,2,0,0,0,1,0,0,0,0.81058,R
0,000004F2,8,2,0,0,0,1,0,0,0,0.81083,R
0,587,8,1,0,0,0,2,0,0,0,0.81109,R
0,370,8,2,0,0,0,1,0,0,0,0.81134,R
0,0000043F,8,2,0,0,0,1,0,0,0,0.8116,R
0,000004F1,8,2,0,0,0,1,0,0,0,0.81186,R
0,316,8,2,0,0,0,1,0,0,0,0.81996,R
0,329,8,2,0,0,0,1,0,0,0,0.82022,R
0,382,8,2,0,0,0,1,0,0,0,0.82048,R
0,000004B1,8,2,0,0,0,1,0,0,0,0.82065,R
0,000004F2,8,2,0,0,0,1,0,0,0,0.8209,R
0,587,8,1,0,0,0,2,0,0,0,0.82116,R
0,316,8,2,0,0,0,1,0,0,0,0.82909,R
0,184,8,A5,CF,F4,1,0,0,0,0,0.82935,R
0,000001C7,8,79,CE,F4,1,0,0,0,0,0.82961,R
0,000001CD,8,DD,CE,F4,1,0,0,0,0,0.82986,R
0,1E9,8,41,CF,F4,1,0,0,0,0,0.83012,R
0,329,8,2,0,0,0,1,0,0,0,0.83029,R
0,334,8,9,D0,F4,1,0,0,0,0,0.83054,R
0,382,8,2,0,0,0,1,0,0,0,0.8308,R
0,000004B1,8,2,0,0,0,1,0,0,0,0.83106,R
0,000004F2,8,2,0,0,0,1,0,0,0,0.83131,R
0,587,8,1,0,0,0,2,0,0,0,0.83157,R
0,370,8,2,0,0,0,1,0,0,0,0.83182,R
0,0000043F,8,2,0,0,0,1,0,0,0,0.83208,R
0,000004F1,8,2,0,0,0,1,0,0,0,0.83234,R
0,316,8,2,0,0,0,1,0,0,0,0.84027,R
0,329,8,2,0,0,0,1,0,0,0,0.84053,R
0,382,8,2,0,0,0,1,0,0,0,0.84078,R
0,000004B1,8,2,0,0,0,1,0,0,0,0.84104,R
0,000004F2,8,2,0,0,0,1,0,0,0,0.84121,R
0,587,8,1,0,0,0,2,0,0,0,0.84147,R
0,316,8,2,0,0,0,1,0,0,0,0.8494,R
0,329,8,2,0,0,0,1,0,0,0,0.84966,R
0,382,8,2,0,0,0,1,0,0,0,0.84992,R
0,000004B1,8,2,0,0,0,1,0,0,0,0.85017,R
0,000004F2,8,2,0,0,0,1,0,0,0,0.85043,R
0,587,8,1,0,0,0,2,0,0,0,0.85068,R
0,370,8,2,0,0,0,1,0,0,0,0.85094,R
0,0000043F,8,2,0,0,0,1,0,0,0,0.8512,R
0,000004F1,8,2,0,0,0,1,0,0,0,0.85145,R
0,000000A2,8,18,0,0,0,0,0,0,0,0.8593,R
0,000000B2,8,0,0,0,0,0,0,0,0,0.85956,R
0,000000C4,8,20,4E,0,0,0,0,0,0,0.85981,R
0,316,8,2,0,0,0,1,0,0,0,0.86007,R
0,329,8,2,0,0,0,1,0,0,0,0.86033,R
0,382,8,2,0,0,0,1,0,0,0,0.86058,R
0,000004B1,8,2,0,0,0,1,0,0,0,0.86084,R
0,000004F2,8,2,0,0,0,1,0,0,0,0.86109,R
0,587,8,1,0,0,0,2,0,0,0,0.86135,R
0,120,4,F0,55,0,0,0,0,,,0.8634,R
0,000001C7,8,99,CE,F4,1,0,0,0,0,0.86929,R
0,184,8,C5,CF,F4,1,0,0,0,0,0.86954,R
0,000001CD,8,FD,CE,F4,1,0,0,0,0,0.8698,R
0,1E9,8,61,CF,F4,1,0,0,0,0,0.87005,R
0,316,8,2,0,0,0,1,0,0,0,0.87031,R
0,329,8,2,0,0,0,1,0,0,0,0.87057,R
0,334,8,29,D0,F4,1,0,0,0,0,0.87074,R
0,382,8,2,0,0,0,1,0,0,0,0.87099,R
0,000004B1,8,2,0,0,0,1,0,0,0,0.87125,R
0,000004F2,8,2,0,0,0,1,0,0,0,0.8715,R
0,587,8,1,0,0,0,2,0,0,0,0.87176,R
0,370,8,2,0,0,0,1,0,0,0,0.87202,R
0,0000043F,8,2,0,0,0,1,0,0,0,0.87227,R
0,000004F1,8,2,0,0,0,1,0,0,0,0.87253,R
0,316,8,2,0,0,0,1,0,0,0,0.88055,R
0,329,8,2,0,0,0,1,0,0,0,0.88081,R
0,382,8,2,0,0,0,1,0,0,0,0.88106,R
0,000004B1,8,2,0,0,0,1,0,0,0,0.88132,R
0,000004F2,8,2,0,0,0,1,0,0,0,0.88157,R
0,587,8,1,0,0,0,2,0,0,0,0.88183,R
0,316,8,2,0,0,0,1,0,0,0,0.88977,R
0,329,8,2,0,0,0,1,0,0,0,0.89002,R
0,382,8,2,0,0,0,1,0,0,0,0.89028,R
0,000004B1,8,2,0,0,0,1,0,0,0,0.89045,R
0,000004F2,8,2,0,0,0,1,0,0,0,0.8907,R
0,587,8,1,0,0,0,2,0,0,0,0.89096,R
0,370,8,2,0,0,0,1,0,0,0,0.89122,R
0,0000043F,8,2,0,0,0,1,0,0,0,0.89147,R
0,000004F1,8,2,0,0,0,1,0,0,0,0.89173,R
0,0000017D,8,5,CF,F4,1,0,0,0,0,0.896,R
0,0000017F,8,69,CF,F4,1,0,0,0,0,0.89625,R
0,316,8,2,0,0,0,1,0,0,0,0.89992,R
0,329,8,2,0,0,0,1,0,0,0,0.90018,R
0,382,8,2,0,0,0,1,0,0,0,0.90043,R
0,000004B1,8,2,0,0,0,1,0,0,0,0.9006,R
0,000004F2,8,2,0,0,0,1,0,0,0,0.90086,R
0,587,8,1,0,0,0,2,0,0,0,0.90112,R
0,316,8,2,0,0,0,1,0,0,0,0.90905,R
0,329,8,2,0,0,0,1,0,0,0,0.90931,R
0,000000A2,8,18,0,0,0,0,0,0,0,0.90956,R
0,000000B2,8,0,0,0,0,0,0,0,0,0.90982,R
0,000000C4,8,20,4E,0,0,0,0,0,0,0.91008,R
0,184,8,49,D0,F4,1,0,0,0,0,0.91033,R
0,1E9,8,E5,CF,F4,1,0,0,0,0,0.91059,R
0,334,8,AD,D0,F4,1,0,0,0,0,0.91076,R
0,382,8,2,0,0,0,1,0,0,0,0.91101,R
0,000004B1,8,2,0,0,0,1,0,0,0,0.91127,R
0,000004F2,8,2,0,0,0,1,0,0,0,0.91153,R
0,587,8,1,0,0,0,2,0,0,0,0.91178,R
0,370,8,2,0,0,0,1,0,0,0,0.91204,R
0,0000043F,8,2,0,0,0,1,0,0,0,0.91229,R
0,000004F1,8,2,0,0,0,1,0,0,0,0.91255,R
0,316,8,2,0,0,0,1,0,0,0,0.92057,R
0,329,8,2,0,0,0,1,0,0,0,0.92083,R
0,382,8,2,0,0,0,1,0,0,0,0.92108,R
0,000004B1,8,2,0,0,0,1,0,0,0,0.92125,R
0,000004F2,8,2,0,0,0,1,0,0,0,0.92151,R
0,587,8,1,0,0,0,2,0,0,0,0.92177,R
0,316,8,2,0,0,0,1,0,0,0,0.9297,R
0,329,8,2,0,0,0,1,0,0,0,0.92996,R
0,382,8,2,0,0,0,1,0,0,0,0.93021,R
0,000004B1,8,2,0,0,0,1,0,0,0,0.93047,R
0,000004F2,8,2,0,0,0,1,0,0,0,0.93073,R
0,587,8,1,0,0,0,2,0,0,0,0.93098,R
0,370,8,2,0,0,0,1,0,0,0,0.93124,R
0,0000043F,8,2,0,0,0,1,0,0,0,0.93149,R
0,000004F1,8,2,0,0,0,1,0,0,0,0.93166,R
0,316,8,2,0,0,0,1,0,0,0,0.93986,R
0,329,8,2,0,0,0,1,0,0,0,0.94011,R
0,382,8,2,0,0,0,1,0,0,0,0.94037,R
0,000004B1,8,2,0,0,0,1,0,0,0,0.94062,R
0,000004F2,8,2,0,0,0,1,0,0,0,0.94088,R
0,587,8,1,0,0,0,2,0,0,0,0.94114,R
0,120,4,F0,55,0,0,0,0,,,0.94344,R
0,316,8,2,0,0,0,1,0,0,0,0.94907,R
0,329,8,2,0,0,0,1,0,0,0,0.94933,R
0,184,8,69,D0,F4,1,0,0,0,0,0.94958,R
0,000001C7,8,3D,CF,F4,1,0,0,0,0,0.94976,R
0,000001CD,8,A1,CF,F4,1,0,0,0,0,0.95001,R
0,1E9,8,5,D0,F4,1,0,0,0,0,0.95027,R
0,334,8,CD,D0,F4,1,0,0,0,0,0.95052,R
0,382,8,2,0,0,0,1,0,0,0,0.95078,R
0,000004B1,8,2,0,0,0,1,0,0,0,0.95104,R
0,000004F2,8,2,0,0,0,1,0,0,0,0.95129,R
0,587,8,1,0,0,0,2,0,0,0,0.95155,R
0,370,8,2,0,0,0,1,0,0,0,0.95172,R
0,0000043F,8,2,0,0,0,1,0,0,0,0.95197,R
0,000004F1,8,2,0,0,0,1,0,0,0,0.95223,R
0,000000A2,8,18,0,0,0,0,0,0,0,0.95931,R
0,000000B2,8,0,0,0,0,0,0,0,0,0.95957,R
0,000000C4,8,20,4E,0,0,0,0,0,0,0.95982,R
0,316,8,2,0,0,0,1,0,0,0,0.96017,R
0,329,8,2,0,0,0,1,0,0,0,0.96042,R
0,382,8,2,0,0,0,1,0,0,0,0.96068,R
0,000004B1,8,2,0,0,0,1,0,0,0,0.96093,R
0,000004F2,8,2,0,0,0,1,0,0,0,0.96119,R
0,587,8,1,0,0,0,2,0,0,0,0.96145,R
0,316,8,2,0,0,0,1,0,0,0,0.96938,R
0,329,8,2,0,0,0,1,0,0,0,0.96964,R
0,382,8,2,0,0,0,1,0,0,0,0.96989,R
0,000004B1,8,2,0,0,0,1,0,0,0,0.97015,R
0,000004F2,8,2,0,0,0,1,0,0,0,0.97041,R
0,587,8,1,0,0,0,2,0,0,0,0.97058,R
0,370,8,2,0,0,0,1,0,0,0,0.97083,R
0,0000043F,8,2,0,0,0,1,0,0,0,0.97109,R
0,000004F1,8,2,0,0,0,1,0,0,0,0.97134,R
0,316,8,2,0,0,0,1,0,0,0,0.97954,R
0,329,8,2,0,0,0,1,0,0,0,0.97979,R
0,382,8,2,0,0,0,1,0,0,0,0.98005,R
0,000004B1,8,2,0,0,0,1,0,0,0,0.9803,R
0,000004F2,8,2,0,0,0,1,0,0,0,0.98056,R
0,587,8,1,0,0,0,2,0,0,0,0.98082,R
0,316,8,2,0,0,0,1,0,0,0,0.98875,R
0,329,8,2,0,0,0,1,0,0,0,0.98892,R
0,382,8,2,0,0,0,1,0,0,0,0.98918,R
0,0000017D,8,C1,CF,F4,1,0,0,0,0,0.98944,R
0,0000017F,8,25,D0,F4,1,0,0,0,0,0.98969,R
0,184,8,89,D0,F4,1,0,0,0,0,0.98995,R
0,000001C7,8,5D,CF,F4,1,0,0,0,0,0.9902,R
0,000001CD,8,C1,CF,F4,1,0,0,0,0,0.99037,R
0,1E9,8,25,D0,F4,1,0,0,0,0,0.99063,R
0,334,8,ED,D0,F4,1,0,0,0,0,0.99089,R
0,000004B1,8,2,0,0,0,1,0,0,0,0.99114,R
0,000004F2,8,2,0,0,0,1,0,0,0,0.9914,R
0,587,8,1,0,0,0,2,0,0,0,0.99165,R
0,370,8,2,0,0,0,1,0,0,0,0.99191,R
0,0000043F,8,2,0,0,0,1,0,0,0,0.99217,R
0,000004F1,8,2,0,0,0,1,0,0,0,0.99234,R
0,316,8,2,0,0,0,1,0,0,0,1.00053,R
0,329,8,2,0,0,0,1,0,0,0,1.00078,R
0,382,8,2,0,0,0,1,0,0,0,1.00104,R
0,000004B1,8,2,0,0,0,1,0,0,0,1.0013,R
0,000004F2,8,2,0,0,0,1,0,0,0,1.00147,R
0,587,8,1,0,0,0,2,0,0,0,1.00172,R
0,000000A2,8,18,0,0,0,0,0,0,0,1.00932,R
0,000000B2,8,0,0,0,0,0,0,0,0,1.00957,R
0,000000C4,8,20,4E,0,0,0,0,0,0,1.00983,R
0,316,8,2,0,0,0,1,0,0,0,1.01009,R
0,329,8,2,0,0,0,1,0,0,0,1.01034,R
0,382,8,2,0,0,0,1,0,0,0,1.0106,R
0,000004B1,8,2,0,0,0,1,0,0,0,1.01085,R
0,000004F2,8,2,0,0,0,1,0,0,0,1.01111,R
0,587,8,1,0,0,0,2,0,0,0,1.01137,R
0,370,8,2,0,0,0,1,0,0,0,1.01154,R
0,0000043F,8,2,0,0,0,1,0,0,0,1.01179,R
0,000004F1,8,2,0,0,0,1,0,0,0,1.01205,R
0,316,8,2,0,0,0,1,0,0,0,1.02016,R
0,329,8,2,0,0,0,1,0,0,0,1.02041,R
0,382,8,2,0,0,0,1,0,0,0,1.02067,R
0,000004B1,8,2,0,0,0,1,0,0,0,1.02092,R
0,000004F2,8,2,0,0,0,1,0,0,0,1.02118,R
0,587,8,1,0,0,0,2,0,0,0,1.02144,R
0,120,4,F0,55,0,0,0,0,,,1.0234,R
0,000001C7,8,E1,CF,F4,1,0,0,0,0,1.02937,R
0,184,8,0D,D1,F4,1,0,0,0,0,1.02963,R
0,000001CD,8,45,D0,F4,1,0,0,0,0,1.0298,R
0,1E9,8,A9,D0,F4,1,0,0,0,0,1.03005,R
0,316,8,2,0,0,0,1,0,0,0,1.03031,R
0,329,8,2,0,0,0,1,0,0,0,1.03057,R
0,334,8,71,D1,F4,1,0,0,0,0,1.03082,R
0,382,8,2,0,0,0,1,0,0,0,1.03108,R
0,000004B1,8,2,0,0,0,1,0,0,0,1.03125,R
0,000004F2,8,2,0,0,0,1,0,0,0,1.0315,R
0,587,8,1,0,0,0,2,0,0,0,1.03176,R
0,370,8,2,0,0,0,1,0,0,0,1.03202,R
0,0000043F,8,2,0,0,0,1,0,0,0,1.03227,R
0,000004F1,8,2,0,0,0,1,0,0,0,1.03253,R
0,316,8,2,0,0,0,1,0,0,0,1.04046,R
0,329,8,2,0,0,0,1,0,0,0,1.04072,R
0,382,8,2,0,0,0,1,0,0,0,1.04098,R
0,000004B1,8,2,0,0,0,1,0,0,0,1.04123,R
0,000004F2,8,2,0,0,0,1,0,0,0,1.04149,R
0,587,8,1,0,0,0,2,0,0,0,1.04174,R
0,316,8,2,0,0,0,1,0,0,0,1.04968,R
0,329,8,2,0,0,0,1,0,0,0,1.04994,R
0,382,8,2,0,0,0,1,0,0,0,1.05019,R
0,000004B1,8,2,0,0,0,1,0,0,0,1.05045,R
0,000004F2,8,2,0,0,0,1,0,0,0,1.05062,R
0,587,8,1,0,0,0,2,0,0,0,1.05088,R
0,370,8,2,0,0,0,1,0,0,0,1.05113,R
0,0000043F,8,2,0,0,0,1,0,0,0,1.05139,R
0,000004F1,8,2,0,0,0,1,0,0,0,1.05164,R
0,000000A2,8,18,0,0,0,0,0,0,0,1.05932,R
0,000000B2,8,0,0,0,0,0,0,0,0,1.05958,R
0,000000C4,8,20,4E,0,0,0,0,0,0,1.05984,R
0,316,8,2,0,0,0,1,0,0,0,1.06009,R
0,329,8,2,0,0,0,1,0,0,0,1.06035,R
0,382,8,2,0,0,0,1,0,0,0,1.0606,R
0,000004B1,8,2,0,0,0,1,0,0,0,1.06086,R
0,000004F2,8,2,0,0,0,1,0,0,0,1.06112,R
0,587,8,1,0,0,0,2,0,0,0,1.06137,R
0,316,8,2,0,0,0,1,0,0,0,1.06931,R
0,184,8,2D,D1,F4,1,0,0,0,0,1.06956,R
0,000001C7,8,1,D0,F4,1,0,0,0,0,1.06982,R
0,000001CD,8,65,D0,F4,1,0,0,0,0,1.07008,R
0,1E9,8,C9,D0,F4,1,0,0,0,0,1.07033,R
0,329,8,2,0,0,0,1,0,0,0,1.0705,R
0,334,8,91,D1,F4,1,0,0,0,0,1.07076,R
0,382,8,2,0,0,0,1,0,0,0,1.07101,R
0,000004B1,8,2,0,0,0,1,0,0,0,1.07127,R
0,000004F2,8,2,0,0,0,1,0,0,0,1.07153,R
0,587,8,1,0,0,0,2,0,0,0,1.07178,R
0,370,8,2,0,0,0,1,0,0,0,1.07204,R
0,0000043F,8,2,0,0,0,1,0,0,0,1.07229,R
0,000004F1,8,2,0,0,0,1,0,0,0,1.07255,R
0,316,8,2,0,0,0,1,0,0,0,1.08049,R
0,329,8,2,0,0,0,1,0,0,0,1.08074,R
0,382,8,2,0,0,0,1,0,0,0,1.081,R
0,000004B1,8,2,0,0,0,1,0,0,0,1.08125,R
0,000004F2,8,2,0,0,0,1,0,0,0,1.08142,R
0,587,8,1,0,0,0,2,0,0,0,1.08168,R
0,0000017D,8,69,D0,F4,1,0,0,0,0,1.0827,R
0,0000017F,8,CD,D0,F4,1,0,0,0,0,1.08296,R
0,316,8,2,0,0,0,1,0,0,0,1.08962,R
0,329,8,2,0,0,0,1,0,0,0,1.08987,R
0,382,8,2,0,0,0,1,0,0,0,1.09013,R
0,000004B1,8,2,0,0,0,1,0,0,0,1.09038,R
0,000004F2,8,2,0,0,0,1,0,0,0,1.09064,R
0,587,8,1,0,0,0,2,0,0,0,1.0909,R
0,370,8,2,0,0,0,1,0,0,0,1.09115,R
0,0000043F,8,2,0,0,0,1,0,0,0,1.09141,R
0,000004F1,8,2,0,0,0,1,0,0,0,1.09166,R
0,316,8,2,0,0,0,1,0,0,0,1.09986,R
0,329,8,2,0,0,0,1,0,0,0,1.10003,R
0,382,8,2,0,0,0,1,0,0,0,1.10028,R
0,000004B1,8,2,0,0,0,1,0,0,0,1.10054,R
0,000004F2,8,2,0,0,0,1,0,0,0,1.1008,R
0,587,8,1,0,0,0,2,0,0,0,1.10105,R
0,120,4,F0,55,0,0,0,0,,,1.10336,R
0,316,8,2,0,0,0,1,0,0,0,1.10899,R
0,329,8,2,0,0,0,1,0,0,0,1.10924,R
0,000000A2,8,18,0,0,0,0,0,0,0,1.1095,R
0,000000B2,8,0,0,0,0,0,0,0,0,1.10976,R
0,000000C4,8,20,4E,0,0,0,0,0,0,1.11001,R
0,184,8,B1,D1,F4,1,0,0,0,0,1.11018,R
0,1E9,8,4D,D1,F4,1,0,0,0,0,1.11044,R
0,334,8,15,D2,F4,1,0,0,0,0,1.11069,R
0,382,8,2,0,0,0,1,0,0,0,1.11095,R
0,000004B1,8,2,0,0,0,1,0,0,0,1.11121,R
0,000004F2,8,2,0,0,0,1,0,0,0,1.11146,R
0,587,8,1,0,0,0,2,0,0,0,1.11172,R
0,370,8,2,0,0,0,1,0,0,0,1.11197,R
0,0000043F,8,2,0,0,0,1,0,0,0,1.11214,R
0,000004F1,8,2,0,0,0,1,0,0,0,1.1124,R
0,316,8,2,0,0,0,1,0,0,0,1.12042,R
0,329,8,2,0,0,0,1,0,0,0,1.12068,R
0,382,8,2,0,0,0,1,0,0,0,1.12093,R
0,000004B1,8,2,0,0,0,1,0,0,0,1.12119,R
0,000004F2,8,2,0,0,0,1,0,0,0,1.12145,R
0,587,8,1,0,0,0,2,0,0,0,1.1217,R
0,316,8,2,0,0,0,1,0,0,0,1.12964,R
0,329,8,2,0,0,0,1,0,0,0,1.12989,R
0,382,8,2,0,0,0,1,0,0,0,1.13015,R
0,000004B1,8,2,0,0,0,1,0,0,0,1.13041,R
0,000004F2,8,2,0,0,0,1,0,0,0,1.13066,R
0,587,8,1,0,0,0,2,0,0,0,1.13083,R
0,370,8,2,0,0,0,1,0,0,0,1.13109,R
0,0000043F,8,2,0,0,0,1,0,0,0,1.13134,R
0,000004F1,8,2,0,0,0,1,0,0,0,1.1316,R
0,316,8,2,0,0,0,1,0,0,0,1.13979,R
0,329,8,2,0,0,0,1,0,0,0,1.14005,R
0,382,8,2,0,0,0,1,0,0,0,1.1403,R
0,000004B1,8,2,0,0,0,1,0,0,0,1.14056,R
0,000004F2,8,2,0,0,0,1,0,0,0,1.14082,R
0,587,8,1,0,0,0,2,0,0,0,1.14099,R
0,316,8,2,0,0,0,1,0,0,0,1.14901,R
0,329,8,2,0,0,0,1,0,0,0,1.14918,R
0,184,8,D1,D1,F4,1,0,0,0,0,1.14944,R
0,000001C7,8,A5,D0,F4,1,0,0,0,0,1.14969,R
0,000001CD,8,9,D1,F4,1,0,0,0,0,1.14995,R
0,1E9,8,6D,D1,F4,1,0,0,0,0,1.1502,R
0,334,8,35,D2,F4,1,0,0,0,0,1.15037,R
0,382,8,2,0,0,0,1,0,0,0,1.15063,R
0,000004B1,8,2,0,0,0,1,0,0,0,1.15089,R
0,000004F2,8,2,0,0,0,1,0,0,0,1.15114,R
0,587,8,1,0,0,0,2,0,0,0,1.1514,R
0,370,8,2,0,0,0,1,0,0,0,1.15165,R
0,0000043F,8,2,0,0,0,1,0,0,0,1.15191,R
0,000004F1,8,2,0,0,0,1,0,0,0,1.15217,R
0,000000A2,8,18,0,0,0,0,0,0,0,1.15933,R
0,000000B2,8,0,0,0,0,0,0,0,0,1.15959,R
0,000000C4,8,20,4E,0,0,0,0,0,0,1.15985,R
0,316,8,2,0,0,0,1,0,0,0,1.1601,R
0,329,8,2,0,0,0,1,0,0,0,1.16036,R
0,382,8,2,0,0,0,1,0,0,0,1.16061,R
0,000004B1,8,2,0,0,0,1,0,0,0,1.16087,R
0,000004F2,8,2,0,0,0,1,0,0,0,1.16113,R
0,587,8,1,0,0,0,2,0,0,0,1.16138,R
0,316,8,2,0,0,0,1,0,0,0,1.16932,R
0,329,8,2,0,0,0,1,0,0,0,1.16957,R
0,382,8,2,0,0,0,1,0,0,0,1.16974,R
0,000004B1,8,2,0,0,0,1,0,0,0,1.17,R
0,000004F2,8,2,0,0,0,1,0,0,0,1.17026,R
0,587,8,1,0,0,0,2,0,0,0,1.17051,R
0,370,8,2,0,0,0,1,0,0,0,1.17077,R
0,0000043F,8,2,0,0,0,1,0,0,0,1.17102,R
0,000004F1,8,2,0,0,0,1,0,0,0,1.17128,R
0,0000017D,8,11,D1,F4,1,0,0,0,0,1.17606,R
0,0000017F,8,75,D1,F4,1,0,0,0,0,1.17632,R
0,316,8,2,0,0,0,1,0,0,0,1.17947,R
0,329,8,2,0,0,0,1,0,0,0,1.17973,R
0,382,8,2,0,0,0,1,0,0,0,1.17998,R
0,000004B1,8,2,0,0,0,1,0,0,0,1.18016,R
0,000004F2,8,2,0,0,0,1,0,0,0,1.18041,R
0,587,8,1,0,0,0,2,0,0,0,1.18067,R
0,120,4,F0,55,0,0,0,0,,,1.1834,R
0,316,8,2,0,0,0,1,0,0,0,1.1886,R
0,329,8,2,0,0,0,1,0,0,0,1.18886,R
0,382,8,2,0,0,0,1,0,0,0,1.18912,R
0,000004B1,8,2,0,0,0,1,0,0,0,1.18937,R
0,184,8,55,D2,F4,1,0,0,0,0,1.18963,R
0,000001C7,8,29,D1,F4,1,0,0,0,0,1.18988,R
0,000001CD,8,8D,D1,F4,1,0,0,0,0,1.19005,R
0,1E9,8,F1,D1,F4,1,0,0,0,0,1.19031,R
0,334,8,B9,D2,F4,1,0,0,0,0,1.19057,R
0,000004F2,8,2,0,0,0,1,0,0,0,1.19082,R
0,587,8,1,0,0,0,2,0,0,0,1.19108,R
0,370,8,2,0,0,0,1,0,0,0,1.19133,R
0,0000043F,8,2,0,0,0,1,0,0,0,1.19159,R
0,000004F1,8,2,0,0,0,1,0,0,0,1.19176,R
0,316,8,2,0,0,0,1,0,0,0,1.19978,R
0,329,8,2,0,0,0,1,0,0,0,1.20004,R
0,382,8,2,0,0,0,1,0,0,0,1.20029,R
0,000004B1,8,2,0,0,0,1,0,0,0,1.20046,R
0,000004F2,8,2,0,0,0,1,0,0,0,1.20072,R
0,587,8,1,0,0,0,2,0,0,0,1.20098,R
0,316,8,2,0,0,0,1,0,0,0,1.20891,R
0,329,8,2,0,0,0,1,0,0,0,1.20917,R
0,000000A2,8,18,0,0,0,0,0,0,0,1.20942,R
0,000000B2,8,0,0,0,0,0,0,0,0,1.20968,R
0,000000C4,8,20,4E,0,0,0,0,0,0,1.20994,R
0,382,8,2,0,0,0,1,0,0,0,1.21019,R
0,000004B1,8,2,0,0,0,1,0,0,0,1.21045,R
0,000004C1,8,87,D3,F4,1,0,0,0,0,1.2107,R
0,000004D1,8,23,D3,F4,1,0,0,0,0,1.21088,R
0,000004F2,8,2,0,0,0,1,0,0,0,1.21113,R
0,587,8,1,0,0,0,2,0,0,0,1.21139,R
0,370,8,2,0,0,0,1,0,0,0,1.21164,R
0,0000043F,8,2,0,0,0,1,0,0,0,1.2119,R
0,000004F1,8,2,0,0,0,1,0,0,0,1.21216,R
0,316,8,2,0,0,0,1,0,0,0,1.22009,R
0,329,8,2,0,0,0,1,0,0,0,1.22035,R
0,382,8,2,0,0,0,1,0,0,0,1.2206,R
0,000004B1,8,2,0,0,0,1,0,0,0,1.22086,R
0,000004F2,8,2,0,0,0,1,0,0,0,1.22112,R
0,587,8,1,0,0,0,2,0,0,0,1.22129,R
0,316,8,2,0,0,0,1,0,0,0,1.22922,R
0,184,8,69,D4,F4,1,0,0,0,0,1.22948,R
0,000001C7,8,3D,D3,F4,1,0,0,0,0,1.22973,R
0,000001CD,8,A1,D3,F4,1,0,0,0,0,1.22999,R
0,1E9,8,5,D4,F4,1,0,0,0,0,1.23025,R
0,329,8,2,0,0,0,1,0,0,0,1.2305,R
0,334,8,CD,D4,F4,1,0,0,0,0,1.23067,R
0,382,8,2,0,0,0,1,0,0,0,1.23093,R
0,000004B1,8,2,0,0,0,1,0,0,0,1.23118,R
0,000004F2,8,2,0,0,0,1,0,0,0,1.23144,R
0,587,8,1,0,0,0,2,0,0,0,1.2317,R
0,370,8,2,0,0,0,1,0,0,0,1.23195,R
0,0000043F,8,2,0,0,0,1,0,0,0,1.23221,R
0,000004F1,8,2,0,0,0,1,0,0,0,1.23246,R
0,316,8,2,0,0,0,1,0,0,0,1.2404,R
0,329,8,2,0,0,0,1,0,0,0,1.24066,R
0,382,8,2,0,0,0,1,0,0,0,1.24091,R
0,000004B1,8,2,0,0,0,1,0,0,0,1.24117,R
0,000004F2,8,2,0,0,0,1,0,0,0,1.24142,R
0,587,8,1,0,0,0,2,0,0,0,1.24168,R
0,316,8,2,0,0,0,1,0,0,0,1.24962,R
0,329,8,2,0,0,0,1,0,0,0,1.24979,R
0,382,8,2,0,0,0,1,0,0,0,1.25004,R
0,000004B1,8,2,0,0,0,1,0,0,0,1.2503,R
0,000004F2,8,2,0,0,0,1,0,0,0,1.25056,R
0,587,8,1,0,0,0,2,0,0,0,1.25081,R
0,370,8,2,0,0,0,1,0,0,0,1.25107,R
0,0000043F,8,2,0,0,0,1,0,0,0,1.25132,R
0,000004F1,8,2,0,0,0,1,0,0,0,1.25158,R
0,000000A2,8,18,0,0,0,0,0,0,0,1.25934,R
0,000000B2,8,0,0,0,0,0,0,0,0,1.2596,R
0,000000C4,8,20,4E,0,0,0,0,0,0,1.25986,R
0,316,8,2,0,0,0,1,0,0,0,1.26011,R
0,329,8,2,0,0,0,1,0,0,0,1.26037,R
0,382,8,2,0,0,0,1,0,0,0,1.26062,R
0,000004B1,8,2,0,0,0,1,0,0,0,1.26088,R
0,000004F2,8,2,0,0,0,1,0,0,0,1.26114,R
0,587,8,1,0,0,0,2,0,0,0,1.26139,R
0,120,4,F0,55,0,0,0,0,,,1.26336,R
0,316,8,2,0,0,0,1,0,0,0,1.26924,R
0,0000017D,8,C1,D3,F4,1,0,0,0,0,1.2695,R
0,0000017F,8,25,D4,F4,1,0,0,0,0,1.26976,R
0,184,8,89,D4,F4,1,0,0,0,0,1.26993,R
0,000001C7,8,5D,D3,F4,1,0,0,0,0,1.27018,R
0,000001CD,8,C1,D3,F4,1,0,0,0,0,1.27044,R
0,1E9,8,25,D4,F4,1,0,0,0,0,1.27069,R
0,329,8,2,0,0,0,1,0,0,0,1.27095,R
0,334,8,ED,D4,F4,1,0,0,0,0,1.27121,R
0,382,8,2,0,0,0,1,0,0,0,1.27138,R
0,000004B1,8,2,0,0,0,1,0,0,0,1.27163,R
0,000004F2,8,2,0,0,0,1,0,0,0,1.27189,R
0,587,8,1,0,0,0,2,0,0,0,1.27214,R
0,370,8,2,0,0,0,1,0,0,0,1.2724,R
0,0000043F,8,2,0,0,0,1,0,0,0,1.27266,R
0,000004F1,8,2,0,0,0,1,0,0,0,1.27291,R
0,316,8,2,0,0,0,1,0,0,0,1.28102,R
0,329,8,2,0,0,0,1,0,0,0,1.28128,R
0,382,8,2,0,0,0,1,0,0,0,1.28153,R
0,000004B1,8,2,0,0,0,1,0,0,0,1.28179,R
0,000004F2,8,2,0,0,0,1,0,0,0,1.28204,R
0,587,8,1,0,0,0,2,0,0,0,1.2823,R
0,316,8,2,0,0,0,1,0,0,0,1.29024,R
0,329,8,2,0,0,0,1,0,0,0,1.29049,R
0,382,8,2,0,0,0,1,0,0,0,1.29066,R
0,000004B1,8,2,0,0,0,1,0,0,0,1.29092,R
0,000004F2,8,2,0,0,0,1,0,0,0,1.29117,R
0,587,8,1,0,0,0,2,0,0,0,1.29143,R
0,370,8,2,0,0,0,1,0,0,0,1.29169,R
0,0000043F,8,2,0,0,0,1,0,0,0,1.29194,R
0,000004F1,8,2,0,0,0,1,0,0,0,1.2922,R
0,316,8,2,0,0,0,1,0,0,0,1.30039,R
0,329,8,2,0,0,0,1,0,0,0,1.30065,R
0,382,8,2,0,0,0,1,0,0,0,1.3009,R
0,000004B1,8,2,0,0,0,1,0,0,0,1.30107,R
0,000004F2,8,2,0,0,0,1,0,0,0,1.30133,R
0,587,8,1,0,0,0,2,0,0,0,1.30158,R
0,000001C7,8,E1,D3,F4,1,0,0,0,0,1.30935,R
0,000000B2,8,0,0,0,0,0,0,0,0,1.30961,R
0,000000C4,8,20,4E,0,0,0,0,0,0,1.30986,R
0,184,8,0D,D5,F4,1,0,0,0,0,1.31012,R
0,1E9,8,A9,D4,F4,1,0,0,0,0,1.31037,R
0,316,8,2,0,0,0,1,0,0,0,1.31063,R
0,329,8,2,0,0,0,1,0,0,0,1.3108,R
0,334,8,71,D5,F4,1,0,0,0,0,1.31106,R
0,382,8,2,0,0,0,1,0,0,0,1.31131,R
0,000004B1,8,2,0,0,0,1,0,0,0,1.31157,R
0,000004F2,8,2,0,0,0,1,0,0,0,1.31182,R
0,587,8,1,0,0,0,2,0,0,0,1.31208,R
0,370,8,2,0,0,0,1,0,0,0,1.31234,R
0,0000043F,8,2,0,0,0,1,0,0,0,1.31259,R
0,000004F1,8,2,0,0,0,1,0,0,0,1.31285,R
0,316,8,2,0,0,0,1,0,0,0,1.3207,R
0,329,8,2,0,0,0,1,0,0,0,1.32096,R
0,382,8,2,0,0,0,1,0,0,0,1.32121,R
0,000004B1,8,2,0,0,0,1,0,0,0,1.32147,R
0,000004F2,8,2,0,0,0,1,0,0,0,1.32164,R
0,587,8,1,0,0,0,2,0,0,0,1.32189,R
0,316,8,2,0,0,0,1,0,0,0,1.32983,R
0,329,8,2,0,0,0,1,0,0,0,1.33009,R
0,382,8,2,0,0,0,1,0,0,0,1.33034,R
0,000004B1,8,2,0,0,0,1,0,0,0,1.3306,R
0,000004F2,8,2,0,0,0,1,0,0,0,1.33085,R
0,587,8,1,0,0,0,2,0,0,0,1.33111,R
0,370,8,2,0,0,0,1,0,0,0,1.33137,R
0,0000043F,8,2,0,0,0,1,0,0,0,1.33162,R
0,000004F1,8,2,0,0,0,1,0,0,0,1.33188,R
0,316,8,2,0,0,0,1,0,0,0,1.33998,R
0,329,8,2,0,0,0,1,0,0,0,1.34024,R
0,382,8,2,0,0,0,1,0,0,0,1.3405,R
0,000004B1,8,2,0,0,0,1,0,0,0,1.34075,R
0,000004F2,8,2,0,0,0,1,0,0,0,1.34101,R
0,587,8,1,0,0,0,2,0,0,0,1.34126,R
0,120,4,F0,55,0,0,0,0,,,1.3434,R
0,316,8,2,0,0,0,1,0,0,0,1.3492,R
0,184,8,2D,D5,F4,1,0,0,0,0,1.34946,R
0,000001C7,8,1,D4,F4,1,0,0,0,0,1.34971,R
0,000001CD,8,65,D4,F4,1,0,0,0,0,1.34988,R
0,1E9,8,C9,D4,F4,1,0,0,0,0,1.35014,R
0,329,8,2,0,0,0,1,0,0,0,1.3504,R
0,334,8,91,D5,F4,1,0,0,0,0,1.35065,R
0,382,8,2,0,0,0,1,0,0,0,1.35091,R
0,000004B1,8,2,0,0,0,1,0,0,0,1.35116,R
0,000004F2,8,2,0,0,0,1,0,0,0,1.35142,R
0,587,8,1,0,0,0,2,0,0,0,1.35168,R
0,370,8,2,0,0,0,1,0,0,0,1.35185,R
0,0000043F,8,2,0,0,0,1,0,0,0,1.3521,R
0,000004F1,8,2,0,0,0,1,0,0,0,1.35236,R
0,000000A2,8,18,0,0,0,0,0,0,0,1.35936,R
0,000000B2,8,0,0,0,0,0,0,0,0,1.35961,R
0,000000C4,8,20,4E,0,0,0,0,0,0,1.35987,R
0,316,8,2,0,0,0,1,0,0,0,1.36038,R
0,329,8,2,0,0,0,1,0,0,0,1.36055,R
0,382,8,2,0,0,0,1,0,0,0,1.36081,R
0,000004B1,8,2,0,0,0,1,0,0,0,1.36106,R
0,000004F2,8,2,0,0,0,1,0,0,0,1.36132,R
0,587,8,1,0,0,0,2,0,0,0,1.36157,R
0,0000017D,8,69,D4,F4,1,0,0,0,0,1.36268,R
0,0000017F,8,CD,D4,F4,1,0,0,0,0,1.36294,R
0,316,8,2,0,0,0,1,0,0,0,1.36951,R
0,329,8,2,0,0,0,1,0,0,0,1.36977,R
0,382,8,2,0,0,0,1,0,0,0,1.37002,R
0,000004B1,8,2,0,0,0,1,0,0,0,1.37028,R
0,000004F2,8,2,0,0,0,1,0,0,0,1.37053,R
0,587,8,1,0,0,0,2,0,0,0,1.37079,R
0,370,8,2,0,0,0,1,0,0,0,1.37096,R
0,0000043F,8,2,0,0,0,1,0,0,0,1.37122,R
0,000004F1,8,2,0,0,0,1,0,0,0,1.37147,R
0,316,8,2,0,0,0,1,0,0,0,1.37966,R
0,329,8,2,0,0,0,1,0,0,0,1.37992,R
0,382,8,2,0,0,0,1,0,0,0,1.38018,R
0,000004B1,8,2,0,0,0,1,0,0,0,1.38043,R
0,000004F2,8,2,0,0,0,1,0,0,0,1.38069,R
0,587,8,1,0,0,0,2,0,0,0,1.38094,R
0,316,8,2,0,0,0,1,0,0,0,1.38888,R
0,329,8,2,0,0,0,1,0,0,0,1.38914,R
0,382,8,2,0,0,0,1,0,0,0,1.38931,R
0,184,8,B1,D5,F4,1,0,0,0,0,1.38956,R
0,000001C7,8,85,D4,F4,1,0,0,0,0,1.38982,R
0,000001CD,8,E9,D4,F4,1,0,0,0,0,1.39008,R
0,1E9,8,4D,D5,F4,1,0,0,0,0,1.39033,R
0,334,8,15,D6,F4,1,0,0,0,0,1.39059,R
0,000004B1,8,2,0,0,0,1,0,0,0,1.39076,R
0,000004F2,8,2,0,0,0,1,0,0,0,1.39101,R
0,587,8,1,0,0,0,2,0,0,0,1.39127,R
0,370,8,2,0,0,0,1,0,0,0,1.39153,R
0,0000043F,8,2,0,0,0,1,0,0,0,1.39178,R
0,000004F1,8,2,0,0,0,1,0,0,0,1.39204,R
0,316,8,2,0,0,0,1,0,0,0,1.39997,R
0,329,8,2,0,0,0,1,0,0,0,1.40023,R
0,382,8,2,0,0,0,1,0,0,0,1.40049,R
0,000004B1,8,2,0,0,0,1,0,0,0,1.40074,R
0,000004F2,8,2,0,0,0,1,0,0,0,1.401,R
0,587,8,1,0,0,0,2,0,0,0,1.40125,R
0,316,8,2,0,0,0,1,0,0,0,1.40919,R
0,000000A2,8,18,0,0,0,0,0,0,0,1.40945,R
0,000000B2,8,0,0,0,0,0,0,0,0,1.4097,R
0,000000C4,8,20,4E,0,0,0,0,0,0,1.40996,R
0,329,8,2,0,0,0,1,0,0,0,1.41013,R
0,382,8,2,0,0,0,1,0,0,0,1.41038,R
0,000004B1,8,2,0,0,0,1,0,0,0,1.41064,R
0,000004F2,8,2,0,0,0,1,0,0,0,1.4109,R
0,587,8,1,0,0,0,2,0,0,0,1.41115,R
0,370,8,2,0,0,0,1,0,0,0,1.41141,R
0,0000043F,8,2,0,0,0,1,0,0,0,1.41166,R
0,000004F1,8,2,0,0,0,1,0,0,0,1.41192,R
0,316,8,2,0,0,0,1,0,0,0,1.42003,R
0,329,8,2,0,0,0,1,0,0,0,1.4202,R
0,382,8,2,0,0,0,1,0,0,0,1.42045,R
0,000004B1,8,2,0,0,0,1,0,0,0,1.42071,R
0,000004F2,8,2,0,0,0,1,0,0,0,1.42097,R
0,587,8,1,0,0,0,2,0,0,0,1.42122,R
0,120,4,F0,55,0,0,0,0,,,1.42336,R
0,316,8,2,0,0,0,1,0,0,0,1.42916,R
0,184,8,D1,D5,F4,1,0,0,0,0,1.42941,R
0,000001C7,8,A5,D4,F4,1,0,0,0,0,1.42967,R
0,000001CD,8,9,D5,F4,1,0,0,0,0,1.42993,R
0,1E9,8,6D,D5,F4,1,0,0,0,0,1.4301,R
0,329,8,2,0,0,0,1,0,0,0,1.43035,R
0,334,8,35,D6,F4,1,0,0,0,0,1.43061,R
0,382,8,2,0,0,0,1,0,0,0,1.43086,R
0,000004B1,8,2,0,0,0,1,0,0,0,1.43112,R
0,000004F2,8,2,0,0,0,1,0,0,0,1.43138,R
0,587,8,1,0,0,0,2,0,0,0,1.43163,R
0,370,8,2,0,0,0,1,0,0,0,1.43189,R
0,0000043F,8,2,0,0,0,1,0,0,0,1.43206,R
0,000004F1,8,2,0,0,0,1,0,0,0,1.43232,R
0,316,8,2,0,0,0,1,0,0,0,1.44034,R
0,329,8,2,0,0,0,1,0,0,0,1.44059,R
0,382,8,2,0,0,0,1,0,0,0,1.44076,R
0,000004B1,8,2,0,0,0,1,0,0,0,1.44102,R
0,000004F2,8,2,0,0,0,1,0,0,0,1.44128,R
0,587,8,1,0,0,0,2,0,0,0,1.44153,R
0,316,8,2,0,0,0,1,0,0,0,1.44947,R
0,329,8,2,0,0,0,1,0,0,0,1.44972,R
0,382,8,2,0,0,0,1,0,0,0,1.44998,R
0,000004B1,8,2,0,0,0,1,0,0,0,1.45024,R
0,000004F2,8,2,0,0,0,1,0,0,0,1.45049,R
0,587,8,1,0,0,0,2,0,0,0,1.45075,R
0,370,8,2,0,0,0,1,0,0,0,1.451,R
0,0000043F,8,2,0,0,0,1,0,0,0,1.45117,R
0,000004F1,8,2,0,0,0,1,0,0,0,1.45143,R
0,0000017D,8,11,D5,F4,1,0,0,0,0,1.45604,R
0,0000017F,8,75,D5,F4,1,0,0,0,0,1.45629,R
0,000000A2,8,18,0,0,0,0,0,0,0,1.45945,R
0,000000B2,8,0,0,0,0,0,0,0,0,1.45962,R
0,000000C4,8,20,4E,0,0,0,0,0,0,1.45988,R
0,316,8,2,0,0,0,1,0,0,0,1.46013,R
0,329,8,2,0,0,0,1,0,0,0,1.46039,R
0,382,8,2,0,0,0,1,0,0,0,1.46065,R
0,000004B1,8,2,0,0,0,1,0,0,0,1.4609,R
0,000004F2,8,2,0,0,0,1,0,0,0,1.46116,R
0,587,8,1,0,0,0,2,0,0,0,1.46141,R
0,000001C7,8,29,D5,F4,1,0,0,0,0,1.46944,R
0,184,8,55,D6,F4,1,0,0,0,0,1.46961,R
0,000001CD,8,8D,D5,F4,1,0,0,0,0,1.46986,R
0,1E9,8,F1,D5,F4,1,0,0,0,0,1.47012,R
0,316,8,2,0,0,0,1,0,0,0,1.47037,R
0,329,8,2,0,0,0,1,0,0,0,1.47063,R
0,334,8,B9,D6,F4,1,0,0,0,0,1.47089,R
0,382,8,2,0,0,0,1,0,0,0,1.47114,R
0,000004B1,8,2,0,0,0,1,0,0,0,1.47131,R
0,000004F2,8,2,0,0,0,1,0,0,0,1.47157,R
0,587,8,1,0,0,0,2,0,0,0,1.47182,R
0,370,8,2,0,0,0,1,0,0,0,1.47208,R
0,0000043F,8,2,0,0,0,1,0,0,0,1.47234,R
0,000004F1,8,2,0,0,0,1,0,0,0,1.47259,R
0,316,8,2,0,0,0,1,0,0,0,1.48061,R
0,329,8,2,0,0,0,1,0,0,0,1.48087,R
0,382,8,2,0,0,0,1,0,0,0,1.48113,R
0,000004B1,8,2,0,0,0,1,0,0,0,1.48138,R
0,000004F2,8,2,0,0,0,1,0,0,0,1.48164,R
0,587,8,1,0,0,0,2,0,0,0,1.48189,R
0,316,8,2,0,0,0,1,0,0,0,1.48983,R
0,329,8,2,0,0,0,1,0,0,0,1.49,R
0,382,8,2,0,0,0,1,0,0,0,1.49026,R
0,000004B1,8,2,0,0,0,1,0,0,0,1.49051,R
0,000004F2,8,2,0,0,0,1,0,0,0,1.49077,R
0,587,8,1,0,0,0,2,0,0,0,1.49102,R
0,370,8,2,0,0,0,1,0,0,0,1.49128,R
0,0000043F,8,2,0,0,0,1,0,0,0,1.49154,R
0,000004F1,8,2,0,0,0,1,0,0,0,1.49179,R
0,316,8,2,0,0,0,1,0,0,0,1.49998,R
0,329,8,2,0,0,0,1,0,0,0,1.50024,R
0,382,8,2,0,0,0,1,0,0,0,1.50041,R
0,000004B1,8,2,0,0,0,1,0,0,0,1.50067,R
0,000004F2,8,2,0,0,0,1,0,0,0,1.50092,R
0,587,8,1,0,0,0,2,0,0,0,1.50118,R
0,120,4,F0,55,0,0,0,0,,,1.5034,R
0,316,8,2,0,0,0,1,0,0,0,1.50912,R
0,329,8,2,0,0,0,1,0,0,0,1.50937,R
0,000000A2,8,18,0,0,0,0,0,0,0,1.50963,R
0,000000B2,8,0,0,0,0,0,0,0,0,1.50988,R
0,000000C4,8,20,4E,0,0,0,0,0,0,1.51014,R
0,184,8,75,D6,F4,1,0,0,0,0,1.5104,R
0,1E9,8,11,D6,F4,1,0,0,0,0,1.51057,R
0,334,8,D9,D6,F4,1,0,0,0,0,1.51082,R
0,382,8,2,0,0,0,1,0,0,0,1.51108,R
0,000004B1,8,2,0,0,0,1,0,0,0,1.51133,R
0,000004F2,8,2,0,0,0,1,0,0,0,1.51159,R
0,587,8,1,0,0,0,2,0,0,0,1.51185,R
0,370,8,2,0,0,0,1,0,0,0,1.5121,R
0,0000043F,8,2,0,0,0,1,0,0,0,1.51236,R
0,000004F1,8,2,0,0,0,1,0,0,0,1.51253,R
0,316,8,2,0,0,0,1,0,0,0,1.52064,R
0,329,8,2,0,0,0,1,0,0,0,1.52081,R
0,382,8,2,0,0,0,1,0,0,0,1.52106,R
0,000004B1,8,2,0,0,0,1,0,0,0,1.52132,R
0,000004F2,8,2,0,0,0,1,0,0,0,1.52157,R
0,587,8,1,0,0,0,2,0,0,0,1.52183,R
0,316,8,2,0,0,0,1,0,0,0,1.52977,R
0,329,8,2,0,0,0,1,0,0,0,1.53002,R
0,382,8,2,0,0,0,1,0,0,0,1.53028,R
0,000004B1,8,2,0,0,0,1,0,0,0,1.53053,R
0,000004F2,8,2,0,0,0,1,0,0,0,1.53079,R
0,587,8,1,0,0,0,2,0,0,0,1.53105,R
0,370,8,2,0,0,0,1,0,0,0,1.5313,R
0,0000043F,8,2,0,0,0,1,0,0,0,1.53147,R
0,000004F1,8,2,0,0,0,1,0,0,0,1.53173,R
0,316,8,2,0,0,0,1,0,0,0,1.53992,R
0,329,8,2,0,0,0,1,0,0,0,1.54018,R
0,382,8,2,0,0,0,1,0,0,0,1.54043,R
0,000004B1,8,2,0,0,0,1,0,0,0,1.54069,R
0,000004F2,8,2,0,0,0,1,0,0,0,1.54094,R
0,587,8,1,0,0,0,2,0,0,0,1.5412,R
0,316,8,2,0,0,0,1,0,0,0,1.54914,R
0,329,8,2,0,0,0,1,0,0,0,1.54939,R
0,0000017D,8,CD,D5,F4,1,0,0,0,0,1.54956,R
0,0000017F,8,31,D6,F4,1,0,0,0,0,1.54982,R
0,184,8,95,D6,F4,1,0,0,0,0,1.55008,R
0,000001C7,8,69,D5,F4,1,0,0,0,0,1.55033,R
0,000001CD,8,CD,D5,F4,1,0,0,0,0,1.55059,R
0,1E9,8,31,D6,F4,1,0,0,0,0,1.55076,R
0,334,8,F9,D6,F4,1,0,0,0,0,1.55101,R
0,382,8,2,0,0,0,1,0,0,0,1.55127,R
0,000004B1,8,2,0,0,0,1,0,0,0,1.55153,R
0,000004F2,8,2,0,0,0,1,0,0,0,1.55178,R
0,587,8,1,0,0,0,2,0,0,0,1.55204,R
0,370,8,2,0,0,0,1,0,0,0,1.55229,R
0,0000043F,8,2,0,0,0,1,0,0,0,1.55255,R
0,000004F1,8,2,0,0,0,1,0,0,0,1.55272,R
0,000000A2,8,18,0,0,0,0,0,0,0,1.55938,R
0,000000B2,8,0,0,0,0,0,0,0,0,1.55963,R
0,000000C4,8,20,4E,0,0,0,0,0,0,1.55989,R
0,316,8,2,0,0,0,1,0,0,0,1.56091,R
0,329,8,2,0,0,0,1,0,0,0,1.56117,R
0,382,8,2,0,0,0,1,0,0,0,1.56142,R
0,000004B1,8,2,0,0,0,1,0,0,0,1.56168,R
0,000004F2,8,2,0,0,0,1,0,0,0,1.56194,R
0,587,8,1,0,0,0,2,0,0,0,1.56211,R
0,316,8,2,0,0,0,1,0,0,0,1.57013,R
0,329,8,2,0,0,0,1,0,0,0,1.5703,R
0,382,8,2,0,0,0,1,0,0,0,1.57056,R
0,000004B1,8,2,0,0,0,1,0,0,0,1.57081,R
0,000004F2,8,2,0,0,0,1,0,0,0,1.57107,R
0,587,8,1,0,0,0,2,0,0,0,1.57132,R
0,370,8,2,0,0,0,1,0,0,0,1.57158,R
0,0000043F,8,2,0,0,0,1,0,0,0,1.57184,R
0,000004F1,8,2,0,0,0,1,0,0,0,1.57209,R
0,316,8,2,0,0,0,1,0,0,0,1.58028,R
0,329,8,2,0,0,0,1,0,0,0,1.58045,R
0,382,8,2,0,0,0,1,0,0,0,1.58071,R
0,000004B1,8,2,0,0,0,1,0,0,0,1.58097,R
0,000004F2,8,2,0,0,0,1,0,0,0,1.58122,R
0,587,8,1,0,0,0,2,0,0,0,1.58148,R
0,120,4,F0,55,0,0,0,0,,,1.58336,R
0,000001C7,8,ED,D5,F4,1,0,0,0,0,1.58941,R
0,184,8,19,D7,F4,1,0,0,0,0,1.58967,R
0,000001CD,8,51,D6,F4,1,0,0,0,0,1.58993,R
0,1E9,8,B5,D6,F4,1,0,0,0,0,1.5901,R
0,316,8,2,0,0,0,1,0,0,0,1.59035,R
0,329,8,2,0,0,0,1,0,0,0,1.59061,R
0,334,8,7D,D7,F4,1,0,0,0,0,1.59086,R
0,382,8,2,0,0,0,1,0,0,0,1.59112,R
0,000004B1,8,2,0,0,0,1,0,0,0,1.59138,R
0,000004F2,8,2,0,0,0,1,0,0,0,1.59163,R
0,587,8,1,0,0,0,2,0,0,0,1.59189,R
0,370,8,2,0,0,0,1,0,0,0,1.59206,R
0,0000043F,8,2,0,0,0,1,0,0,0,1.59232,R
0,000004F1,8,2,0,0,0,1,0,0,0,1.59257,R
0,316,8,2,0,0,0,1,0,0,0,1.60059,R
0,329,8,2,0,0,0,1,0,0,0,1.60085,R
0,382,8,2,0,0,0,1,0,0,0,1.60102,R
0,000004B1,8,2,0,0,0,1,0,0,0,1.60128,R
0,000004F2,8,2,0,0,0,1,0,0,0,1.60153,R
0,587,8,1,0,0,0,2,0,0,0,1.60179,R
0,000000A2,8,18,0,0,0,0,0,0,0,1.60947,R
0,000000B2,8,0,0,0,0,0,0,0,0,1.60964,R
0,000000C4,8,20,4E,0,0,0,0,0,0,1.60989,R
0,316,8,2,0,0,0,1,0,0,0,1.61015,R
0,329,8,2,0,0,0,1,0,0,0,1.61041,R
0,382,8,2,0,0,0,1,0,0,0,1.61066,R
0,000004B1,8,2,0,0,0,1,0,0,0,1.61092,R
0,000004F2,8,2,0,0,0,1,0,0,0,1.61117,R
0,587,8,1,0,0,0,2,0,0,0,1.61143,R
0,370,8,2,0,0,0,1,0,0,0,1.61169,R
0,0000043F,8,2,0,0,0,1,0,0,0,1.61194,R
0,000004F1,8,2,0,0,0,1,0,0,0,1.61211,R
0,316,8,2,0,0,0,1,0,0,0,1.62022,R
0,329,8,2,0,0,0,1,0,0,0,1.62048,R
0,382,8,2,0,0,0,1,0,0,0,1.62073,R
0,000004B1,8,2,0,0,0,1,0,0,0,1.62099,R
0,000004F2,8,2,0,0,0,1,0,0,0,1.62124,R
0,587,8,1,0,0,0,2,0,0,0,1.6215,R
0,316,8,2,0,0,0,1,0,0,0,1.62944,R
0,184,8,39,D7,F4,1,0,0,0,0,1.62961,R
0,000001C7,8,0D,D6,F4,1,0,0,0,0,1.62986,R
0,000001CD,8,71,D6,F4,1,0,0,0,0,1.63012,R
0,1E9,8,D5,D6,F4,1,0,0,0,0,1.63037,R
0,329,8,2,0,0,0,1,0,0,0,1.63063,R
0,334,8,9D,D7,F4,1,0,0,0,0,1.63089,R
0,382,8,2,0,0,0,1,0,0,0,1.63106,R
0,000004B1,8,2,0,0,0,1,0,0,0,1.63131,R
0,000004F2,8,2,0,0,0,1,0,0,0,1.63157,R
0,587,8,1,0,0,0,2,0,0,0,1.63182,R
0,370,8,2,0,0,0,1,0,0,0,1.63208,R
0,0000043F,8,2,0,0,0,1,0,0,0,1.63234,R
0,000004F1,8,2,0,0,0,1,0,0,0,1.63259,R
0,316,8,2,0,0,0,1,0,0,0,1.64053,R
0,329,8,2,0,0,0,1,0,0,0,1.64078,R
0,382,8,2,0,0,0,1,0,0,0,1.64104,R
0,000004B1,8,2,0,0,0,1,0,0,0,1.6413,R
0,000004F2,8,2,0,0,0,1,0,0,0,1.64155,R
0,587,8,1,0,0,0,2,0,0,0,1.64181,R
0,0000017D,8,75,D6,F4,1,0,0,0,0,1.64275,R
0,0000017F,8,D9,D6,F4,1,0,0,0,0,1.643,R
0,316,8,2,0,0,0,1,0,0,0,1.64974,R
0,329,8,2,0,0,0,1,0,0,0,1.65,R
0,382,8,2,0,0,0,1,0,0,0,1.65017,R
0,000004B1,8,2,0,0,0,1,0,0,0,1.65043,R
0,000004F2,8,2,0,0,0,1,0,0,0,1.65068,R
0,587,8,1,0,0,0,2,0,0,0,1.65094,R
0,370,8,2,0,0,0,1,0,0,0,1.6512,R
0,0000043F,8,2,0,0,0,1,0,0,0,1.65145,R
0,000004F1,8,2,0,0,0,1,0,0,0,1.65171,R
0,000000A2,8,18,0,0,0,0,0,0,0,1.65947,R
0,000000B2,8,0,0,0,0,0,0,0,0,1.65964,R
0,000000C4,8,20,4E,0,0,0,0,0,0,1.6599,R
0,316,8,2,0,0,0,1,0,0,0,1.66016,R
0,329,8,2,0,0,0,1,0,0,0,1.66041,R
0,382,8,2,0,0,0,1,0,0,0,1.66067,R
0,000004B1,8,2,0,0,0,1,0,0,0,1.66092,R
0,000004F2,8,2,0,0,0,1,0,0,0,1.66118,R
0,587,8,1,0,0,0,2,0,0,0,1.66144,R
0,120,4,F0,55,0,0,0,0,,,1.6634,R
0,316,8,2,0,0,0,1,0,0,0,1.66937,R
0,184,8,BD,D7,F4,1,0,0,0,0,1.66963,R
0,000001C7,8,91,D6,F4,1,0,0,0,0,1.66988,R
0,000001CD,8,F5,D6,F4,1,0,0,0,0,1.67005,R
0,1E9,8,59,D7,F4,1,0,0,0,0,1.67031,R
0,329,8,2,0,0,0,1,0,0,0,1.67057,R
0,334,8,21,D8,F4,1,0,0,0,0,1.67082,R
0,382,8,2,0,0,0,1,0,0,0,1.67108,R
0,000004B1,8,2,0,0,0,1,0,0,0,1.67133,R
0,000004F2,8,2,0,0,0,1,0,0,0,1.67159,R
0,587,8,1,0,0,0,2,0,0,0,1.67185,R
0,370,8,2,0,0,0,1,0,0,0,1.6721,R
0,0000043F,8,2,0,0,0,1,0,0,0,1.67227,R
0,000004F1,8,2,0,0,0,1,0,0,0,1.67253,R
0,316,8,2,0,0,0,1,0,0,0,1.68055,R
0,329,8,2,0,0,0,1,0,0,0,1.68081,R
0,382,8,2,0,0,0,1,0,0,0,1.68098,R
0,000004B1,8,2,0,0,0,1,0,0,0,1.68123,R
0,000004F2,8,2,0,0,0,1,0,0,0,1.68149,R
0,587,8,1,0,0,0,2,0,0,0,1.68174,R
0,316,8,2,0,0,0,1,0,0,0,1.68968,R
0,329,8,2,0,0,0,1,0,0,0,1.68994,R
0,382,8,2,0,0,0,1,0,0,0,1.69019,R
0,000004B1,8,2,0,0,0,1,0,0,0,1.69045,R
0,000004F2,8,2,0,0,0,1,0,0,0,1.6907,R
0,587,8,1,0,0,0,2,0,0,0,1.69096,R
0,370,8,2,0,0,0,1,0,0,0,1.69122,R
0,0000043F,8,2,0,0,0,1,0,0,0,1.69147,R
0,000004F1,8,2,0,0,0,1,0,0,0,1.69164,R
0,000004D1,8,8D,D8,F4,1,0,0,0,0,1.69608,R
0,000004C1,8,F1,D8,F4,1,0,0,0,0,1.69634,R
0,316,8,2,0,0,0,1,0,0,0,1.69984,R
0,329,8,2,0,0,0,1,0,0,0,1.70009,R
0,382,8,2,0,0,0,1,0,0,0,1.70035,R
0,000004B1,8,2,0,0,0,1,0,0,0,1.7006,R
0,000004F2,8,2,0,0,0,1,0,0,0,1.70086,R
0,587,8,1,0,0,0,2,0,0,0,1.70112,R
0,316,8,2,0,0,0,1,0,0,0,1.70905,R
0,329,8,2,0,0,0,1,0,0,0,1.70931,R
0,000000A2,8,18,0,0,0,0,0,0,0,1.70956,R
0,000000B2,8,0,0,0,0,0,0,0,0,1.70982,R
0,000000C4,8,20,4E,0,0,0,0,0,0,1.70999,R
0,184,8,D1,D9,F4,1,0,0,0,0,1.71025,R
0,1E9,8,6D,D9,F4,1,0,0,0,0,1.7105,R
0,334,8,35,DA,F4,1,0,0,0,0,1.71076,R
0,382,8,2,0,0,0,1,0,0,0,1.71101,R
0,000004B1,8,2,0,0,0,1,0,0,0,1.71127,R
0,000004F2,8,2,0,0,0,1,0,0,0,1.71153,R
0,587,8,1,0,0,0,2,0,0,0,1.71178,R
0,370,8,2,0,0,0,1,0,0,0,1.71195,R
0,0000043F,8,2,0,0,0,1,0,0,0,1.71221,R
0,000004F1,8,2,0,0,0,1,0,0,0,1.71246,R
0,316,8,2,0,0,0,1,0,0,0,1.72049,R
0,329,8,2,0,0,0,1,0,0,0,1.72074,R
0,382,8,2,0,0,0,1,0,0,0,1.721,R
0,000004B1,8,2,0,0,0,1,0,0,0,1.72125,R
0,000004F2,8,2,0,0,0,1,0,0,0,1.72151,R
0,587,8,1,0,0,0,2,0,0,0,1.72177,R
0,316,8,2,0,0,0,1,0,0,0,1.7297,R
0,329,8,2,0,0,0,1,0,0,0,1.72996,R
0,382,8,2,0,0,0,1,0,0,0,1.73021,R
0,000004B1,8,2,0,0,0,1,0,0,0,1.73038,R
0,000004F2,8,2,0,0,0,1,0,0,0,1.73064,R
0,587,8,1,0,0,0,2,0,0,0,1.7309,R
0,370,8,2,0,0,0,1,0,0,0,1.73115,R
0,0000043F,8,2,0,0,0,1,0,0,0,1.73141,R
0,000004F1,8,2,0,0,0,1,0,0,0,1.73166,R
0,0000017D,8,11,D9,F4,1,0,0,0,0,1.7361,R
0,0000017F,8,75,D9,F4,1,0,0,0,0,1.73636,R
0,316,8,2,0,0,0,1,0,0,0,1.73986,R
0,329,8,2,0,0,0,1,0,0,0,1.74011,R
0,382,8,2,0,0,0,1,0,0,0,1.74037,R
0,000004B1,8,2,0,0,0,1,0,0,0,1.74054,R
0,000004F2,8,2,0,0,0,1,0,0,0,1.7408,R
0,587,8,1,0,0,0,2,0,0,0,1.74105,R
0,120,4,F0,55,0,0,0,0,,,1.74336,R
0,316,8,2,0,0,0,1,0,0,0,1.74899,R
0,329,8,2,0,0,0,1,0,0,0,1.74924,R
0,184,8,55,DA,F4,1,0,0,0,0,1.7495,R
0,000001C7,8,29,D9,F4,1,0,0,0,0,1.74976,R
0,000001CD,8,8D,D9,F4,1,0,0,0,0,1.75001,R
0,1E9,8,F1,D9,F4,1,0,0,0,0,1.75018,R
0,334,8,B9,DA,F4,1,0,0,0,0,1.75044,R
0,382,8,2,0,0,0,1,0,0,0,1.75069,R
0,000004B1,8,2,0,0,0,1,0,0,0,1.75095,R
0,000004F2,8,2,0,0,0,1,0,0,0,1.75121,R
0,587,8,1,0,0,0,2,0,0,0,1.75146,R
0,370,8,2,0,0,0,1,0,0,0,1.75172,R
0,0000043F,8,2,0,0,0,1,0,0,0,1.75197,R
0,000004F1,8,2,0,0,0,1,0,0,0,1.75214,R
0,000000A2,8,18,0,0,0,0,0,0,0,1.7594,R
0,000000B2,8,0,0,0,0,0,0,0,0,1.75965,R
0,000000C4,8,20,4E,0,0,0,0,0,0,1.75991,R
0,316,8,2,0,0,0,1,0,0,0,1.76017,R
0,329,8,2,0,0,0,1,0,0,0,1.76042,R
0,382,8,2,0,0,0,1,0,0,0,1.76068,R
0,000004B1,8,2,0,0,0,1,0,0,0,1.76093,R
0,000004F2,8,2,0,0,0,1,0,0,0,1.76119,R
0,587,8,1,0,0,0,2,0,0,0,1.76145,R
0,316,8,2,0,0,0,1,0,0,0,1.7693,R
0,329,8,2,0,0,0,1,0,0,0,1.76955,R
0,382,8,2,0,0,0,1,0,0,0,1.76981,R
0,000004B1,8,2,0,0,0,1,0,0,0,1.77006,R
0,000004F2,8,2,0,0,0,1,0,0,0,1.77032,R
0,587,8,1,0,0,0,2,0,0,0,1.77058,R
0,370,8,2,0,0,0,1,0,0,0,1.77083,R
0,0000043F,8,2,0,0,0,1,0,0,0,1.77109,R
0,000004F1,8,2,0,0,0,1,0,0,0,1.77134,R
0,316,8,2,0,0,0,1,0,0,0,1.77945,R
0,329,8,2,0,0,0,1,0,0,0,1.77971,R
0,382,8,2,0,0,0,1,0,0,0,1.77996,R
0,000004B1,8,2,0,0,0,1,0,0,0,1.78022,R
0,000004F2,8,2,0,0,0,1,0,0,0,1.78048,R
0,587,8,1,0,0,0,2,0,0,0,1.78073,R
0,316,8,2,0,0,0,1,0,0,0,1.78867,R
0,329,8,2,0,0,0,1,0,0,0,1.78892,R
0,382,8,2,0,0,0,1,0,0,0,1.78918,R
0,000004B1,8,2,0,0,0,1,0,0,0,1.78944,R
0,184,8,75,DA,F4,1,0,0,0,0,1.78969,R
0,000001C7,8,49,D9,F4,1,0,0,0,0,1.78986,R
0,000001CD,8,AD,D9,F4,1,0,0,0,0,1.79012,R
0,1E9,8,11,DA,F4,1,0,0,0,0,1.79037,R
0,334,8,D9,DA,F4,1,0,0,0,0,1.79063,R
0,000004F2,8,2,0,0,0,1,0,0,0,1.79089,R
0,587,8,1,0,0,0,2,0,0,0,1.79114,R
0,370,8,2,0,0,0,1,0,0,0,1.79131,R
0,0000043F,8,2,0,0,0,1,0,0,0,1.79157,R
0,000004F1,8,2,0,0,0,1,0,0,0,1.79182,R
0,316,8,2,0,0,0,1,0,0,0,1.79985,R
0,329,8,2,0,0,0,1,0,0,0,1.8001,R
0,382,8,2,0,0,0,1,0,0,0,1.80027,R
0,000004B1,8,2,0,0,0,1,0,0,0,1.80053,R
0,000004F2,8,2,0,0,0,1,0,0,0,1.80078,R
0,587,8,1,0,0,0,2,0,0,0,1.80104,R
0,316,8,2,0,0,0,1,0,0,0,1.80898,R
0,329,8,2,0,0,0,1,0,0,0,1.80923,R
0,000000A2,8,18,0,0,0,0,0,0,0,1.80949,R
0,000000B2,8,0,0,0,0,0,0,0,0,1.80974,R
0,000000C4,8,20,4E,0,0,0,0,0,0,1.81,R
0,382,8,2,0,0,0,1,0,0,0,1.81026,R
0,000004B1,8,2,0,0,0,1,0,0,0,1.81051,R
0,000004F2,8,2,0,0,0,1,0,0,0,1.81068,R
0,587,8,1,0,0,0,2,0,0,0,1.81094,R
0,370,8,2,0,0,0,1,0,0,0,1.8112,R
0,0000043F,8,2,0,0,0,1,0,0,0,1.81145,R
0,000004F1,8,2,0,0,0,1,0,0,0,1.81171,R
0,316,8,2,0,0,0,1,0,0,0,1.81981,R
0,329,8,2,0,0,0,1,0,0,0,1.82007,R
0,382,8,2,0,0,0,1,0,0,0,1.82033,R
0,000004B1,8,2,0,0,0,1,0,0,0,1.82058,R
0,000004F2,8,2,0,0,0,1,0,0,0,1.82075,R
0,587,8,1,0,0,0,2,0,0,0,1.82101,R
0,120,4,F0,55,0,0,0,0,,,1.8234,R
0,316,8,2,0,0,0,1,0,0,0,1.82894,R
0,329,8,2,0,0,0,1,0,0,0,1.8292,R
0,0000017D,8,CD,D9,F4,1,0,0,0,0,1.82946,R
0,0000017F,8,31,DA,F4,1,0,0,0,0,1.82971,R
0,184,8,95,DA,F4,1,0,0,0,0,1.82997,R
0,000001C7,8,69,D9,F4,1,0,0,0,0,1.83014,R
0,000001CD,8,CD,D9,F4,1,0,0,0,0,1.8304,R
0,1E9,8,31,DA,F4,1,0,0,0,0,1.83065,R
0,334,8,F9,DA,F4,1,0,0,0,0,1.83091,R
0,382,8,2,0,0,0,1,0,0,0,1.83116,R
0,000004B1,8,2,0,0,0,1,0,0,0,1.83142,R
0,000004F2,8,2,0,0,0,1,0,0,0,1.83168,R
0,587,8,1,0,0,0,2,0,0,0,1.83193,R
0,370,8,2,0,0,0,1,0,0,0,1.8321,R
0,0000043F,8,2,0,0,0,1,0,0,0,1.83236,R
0,000004F1,8,2,0,0,0,1,0,0,0,1.83261,R
0,316,8,2,0,0,0,1,0,0,0,1.84081,R
0,329,8,2,0,0,0,1,0,0,0,1.84106,R
0,382,8,2,0,0,0,1,0,0,0,1.84123,R
0,000004B1,8,2,0,0,0,1,0,0,0,1.84149,R
0,000004F2,8,2,0,0,0,1,0,0,0,1.84174,R
0,587,8,1,0,0,0,2,0,0,0,1.842,R
0,316,8,2,0,0,0,1,0,0,0,1.84994,R
0,329,8,2,0,0,0,1,0,0,0,1.85019,R
0,382,8,2,0,0,0,1,0,0,0,1.85045,R
0,000004B1,8,2,0,0,0,1,0,0,0,1.8507,R
0,000004F2,8,2,0,0,0,1,0,0,0,1.85096,R
0,587,8,1,0,0,0,2,0,0,0,1.85122,R
0,370,8,2,0,0,0,1,0,0,0,1.85147,R
0,0000043F,8,2,0,0,0,1,0,0,0,1.85173,R
0,000004F1,8,2,0,0,0,1,0,0,0,1.8519,R
0,000000A2,8,18,0,0,0,0,0,0,0,1.85949,R
0,000000B2,8,0,0,0,0,0,0,0,0,1.85966,R
0,000000C4,8,20,4E,0,0,0,0,0,0,1.85992,R
0,316,8,2,0,0,0,1,0,0,0,1.86018,R
0,329,8,2,0,0,0,1,0,0,0,1.86043,R
0,382,8,2,0,0,0,1,0,0,0,1.86069,R
0,000004B1,8,2,0,0,0,1,0,0,0,1.86094,R
0,000004F2,8,2,0,0,0,1,0,0,0,1.8612,R
0,587,8,1,0,0,0,2,0,0,0,1.86146,R
0,000001C7,8,ED,D9,F4,1,0,0,0,0,1.86948,R
0,184,8,19,DB,F4,1,0,0,0,0,1.86973,R
0,000001CD,8,51,DA,F4,1,0,0,0,0,1.8699,R
0,1E9,8,B5,DA,F4,1,0,0,0,0,1.87016,R
0,316,8,2,0,0,0,1,0,0,0,1.87042,R
0,329,8,2,0,0,0,1,0,0,0,1.87067,R
0,334,8,7D,DB,F4,1,0,0,0,0,1.87093,R
0,382,8,2,0,0,0,1,0,0,0,1.87118,R
0,000004B1,8,2,0,0,0,1,0,0,0,1.87136,R
0,000004F2,8,2,0,0,0,1,0,0,0,1.87161,R
0,587,8,1,0,0,0,2,0,0,0,1.87187,R
0,370,8,2,0,0,0,1,0,0,0,1.87212,R
0,0000043F,8,2,0,0,0,1,0,0,0,1.87238,R
0,000004F1,8,2,0,0,0,1,0,0,0,1.87264,R
0,316,8,2,0,0,0,1,0,0,0,1.88074,R
0,329,8,2,0,0,0,1,0,0,0,1.881,R
0,382,8,2,0,0,0,1,0,0,0,1.88125,R
0,000004B1,8,2,0,0,0,1,0,0,0,1.88151,R
0,000004F2,8,2,0,0,0,1,0,0,0,1.88177,R
0,587,8,1,0,0,0,2,0,0,0,1.88202,R
0,316,8,2,0,0,0,1,0,0,0,1.88996,R
0,329,8,2,0,0,0,1,0,0,0,1.89021,R
0,382,8,2,0,0,0,1,0,0,0,1.89038,R
0,000004B1,8,2,0,0,0,1,0,0,0,1.89064,R
0,000004F2,8,2,0,0,0,1,0,0,0,1.8909,R
0,587,8,1,0,0,0,2,0,0,0,1.89115,R
0,370,8,2,0,0,0,1,0,0,0,1.89141,R
0,0000043F,8,2,0,0,0,1,0,0,0,1.89166,R
0,000004F1,8,2,0,0,0,1,0,0,0,1.89192,R
0,316,8,2,0,0,0,1,0,0,0,1.90011,R
0,329,8,2,0,0,0,1,0,0,0,1.90037,R
0,382,8,2,0,0,0,1,0,0,0,1.90062,R
0,000004B1,8,2,0,0,0,1,0,0,0,1.9008,R
0,000004F2,8,2,0,0,0,1,0,0,0,1.90105,R
0,587,8,1,0,0,0,2,0,0,0,1.90131,R
0,120,4,F0,55,0,0,0,0,,,1.90336,R
0,316,8,2,0,0,0,1,0,0,0,1.90924,R
0,000000A2,8,18,0,0,0,0,0,0,0,1.9095,R
0,000000B2,8,0,0,0,0,0,0,0,0,1.90976,R
0,000000C4,8,20,4E,0,0,0,0,0,0,1.91001,R
0,184,8,39,DB,F4,1,0,0,0,0,1.91027,R
0,1E9,8,D5,DA,F4,1,0,0,0,0,1.91052,R
0,329,8,2,0,0,0,1,0,0,0,1.91078,R
0,334,8,9D,DB,F4,1,0,0,0,0,1.91095,R
0,382,8,2,0,0,0,1,0,0,0,1.91121,R
0,000004B1,8,2,0,0,0,1,0,0,0,1.91146,R
0,000004F2,8,2,0,0,0,1,0,0,0,1.91172,R
0,587,8,1,0,0,0,2,0,0,0,1.91197,R
0,370,8,2,0,0,0,1,0,0,0,1.91223,R
0,0000043F,8,2,0,0,0,1,0,0,0,1.91249,R
0,000004F1,8,2,0,0,0,1,0,0,0,1.91274,R
0,316,8,2,0,0,0,1,0,0,0,1.92076,R
0,329,8,2,0,0,0,1,0,0,0,1.92102,R
0,382,8,2,0,0,0,1,0,0,0,1.92119,R
0,000004B1,8,2,0,0,0,1,0,0,0,1.92145,R
0,000004F2,8,2,0,0,0,1,0,0,0,1.9217,R
0,587,8,1,0,0,0,2,0,0,0,1.92196,R
0,0000017D,8,75,DA,F4,1,0,0,0,0,1.92281,R
0,0000017F,8,D9,DA,F4,1,0,0,0,0,1.92298,R
0,316,8,2,0,0,0,1,0,0,0,1.92989,R
0,329,8,2,0,0,0,1,0,0,0,1.93015,R
0,382,8,2,0,0,0,1,0,0,0,1.93041,R
0,000004B1,8,2,0,0,0,1,0,0,0,1.93066,R
0,000004F2,8,2,0,0,0,1,0,0,0,1.93092,R
0,587,8,1,0,0,0,2,0,0,0,1.93117,R
0,370,8,2,0,0,0,1,0,0,0,1.93143,R
0,0000043F,8,2,0,0,0,1,0,0,0,1.93169,R
0,000004F1,8,2,0,0,0,1,0,0,0,1.93186,R
0,316,8,2,0,0,0,1,0,0,0,1.94005,R
0,329,8,2,0,0,0,1,0,0,0,1.9403,R
0,382,8,2,0,0,0,1,0,0,0,1.94056,R
0,000004B1,8,2,0,0,0,1,0,0,0,1.94082,R
0,000004F2,8,2,0,0,0,1,0,0,0,1.94107,R
0,587,8,1,0,0,0,2,0,0,0,1.94133,R
0,316,8,2,0,0,0,1,0,0,0,1.94926,R
0,184,8,BD,DB,F4,1,0,0,0,0,1.94952,R
0,000001C7,8,91,DA,F4,1,0,0,0,0,1.94969,R
0,000001CD,8,F5,DA,F4,1,0,0,0,0,1.94995,R
0,1E9,8,59,DB,F4,1,0,0,0,0,1.9502,R
0,329,8,2,0,0,0,1,0,0,0,1.95046,R
0,334,8,21,DC,F4,1,0,0,0,0,1.95072,R
0,382,8,2,0,0,0,1,0,0,0,1.95097,R
0,000004B1,8,2,0,0,0,1,0,0,0,1.95123,R
0,000004F2,8,2,0,0,0,1,0,0,0,1.9514,R
0,587,8,1,0,0,0,2,0,0,0,1.95165,R
0,370,8,2,0,0,0,1,0,0,0,1.95191,R
0,0000043F,8,2,0,0,0,1,0,0,0,1.95217,R
0,000004F1,8,2,0,0,0,1,0,0,0,1.95242,R
0,000000A2,8,18,0,0,0,0,0,0,0,1.9595,R
0,000000B2,8,0,0,0,0,0,0,0,0,1.95968,R
0,000000C4,8,20,4E,0,0,0,0,0,0,1.95993,R
0,316,8,2,0,0,0,1,0,0,0,1.96036,R
0,329,8,2,0,0,0,1,0,0,0,1.96061,R
0,382,8,2,0,0,0,1,0,0,0,1.96087,R
0,000004B1,8,2,0,0,0,1,0,0,0,1.96113,R
0,000004F2,8,2,0,0,0,1,0,0,0,1.96138,R
0,587,8,1,0,0,0,2,0,0,0,1.96164,R
0,316,8,2,0,0,0,1,0,0,0,1.96957,R
0,329,8,2,0,0,0,1,0,0,0,1.96983,R
0,382,8,2,0,0,0,1,0,0,0,1.97009,R
0,000004B1,8,2,0,0,0,1,0,0,0,1.97034,R
0,000004F2,8,2,0,0,0,1,0,0,0,1.9706,R
0,587,8,1,0,0,0,2,0,0,0,1.97077,R
0,370,8,2,0,0,0,1,0,0,0,1.97102,R
0,0000043F,8,2,0,0,0,1,0,0,0,1.97128,R
0,000004F1,8,2,0,0,0,1,0,0,0,1.97154,R
0,316,8,2,0,0,0,1,0,0,0,1.97973,R
0,329,8,2,0,0,0,1,0,0,0,1.97998,R
0,382,8,2,0,0,0,1,0,0,0,1.98024,R
0,000004B1,8,2,0,0,0,1,0,0,0,1.9805,R
0,000004F2,8,2,0,0,0,1,0,0,0,1.98075,R
0,587,8,1,0,0,0,2,0,0,0,1.98092,R
0,120,4,F0,55,0,0,0,0,,,1.98331,R
0,316,8,2,0,0,0,1,0,0,0,1.98894,R
0,329,8,2,0,0,0,1,0,0,0,1.98912,R
0,382,8,2,0,0,0,1,0,0,0,1.98937,R
0,184,8,DD,DB,F4,1,0,0,0,0,1.98963,R
0,000001C7,8,B1,DA,F4,1,0,0,0,0,1.98988,R
0,000001CD,8,15,DB,F4,1,0,0,0,0,1.99014,R
0,1E9,8,79,DB,F4,1,0,0,0,0,1.99031,R
0,334,8,41,DC,F4,1,0,0,0,0,1.99057,R
0,000004B1,8,2,0,0,0,1,0,0,0,1.99082,R
0,000004F2,8,2,0,0,0,1,0,0,0,1.99108,R
0,587,8,1,0,0,0,2,0,0,0,1.99133,R
0,370,8,2,0,0,0,1,0,0,0,1.99159,R
0,0000043F,8,2,0,0,0,1,0,0,0,1.99185,R
0,000004F1,8,2,0,0,0,1,0,0,0,1.9921,R
Logging stopped.,,,,,,,,,,,,